,review_text,review_date,review_title,review_stars,product_category,text,tokenized,stopwords_removed,porter_stemmed,all_text,SGDClassifier,CatBoostClassifier,LinearSVC,RidgeClassifier,LGBMClassifier,XGBClassifier,RandomForestClassifier,MultinomialNB,BaggingClassifier,AdaBoostClassifier,Result
0,Battery no long life... Within half an hour.. Full off.. Also& others good.. .!,Reviewed in India üáÆüá≥ on 22 June 2023,"3.0 out of 5 stars
Ok....",3.0 out of 5 stars,Toys & Games,Battery no long life... Within half an hour.. Full off.. Also& others good.. .!,"['Battery', 'no', 'long', 'life', 'Within', 'half', 'an', 'hour', 'Full', 'off', 'Also', 'others', 'good']","['Battery', 'long', 'life', 'Within', 'half', 'hour', 'Full', 'Also', 'others', 'good']","['batteri', 'long', 'life', 'within', 'half', 'hour', 'full', 'also', 'other', 'good']",batteri long life within half hour full also other good,0,0,0,0,0,0,0,0,0,1,0
1,Quality is good,Reviewed in India üáÆüá≥ on 17 May 2023,"4.0 out of 5 stars
Quality is good",4.0 out of 5 stars,Toys & Games,Quality is good,"['Quality', 'is', 'good']","['Quality', 'good']","['qualiti', 'good']",qualiti good,0,0,0,0,0,0,0,0,0,0,0
2,Device is not  charging with charger provided in the box. After changing charger it worked but low battery run. Buy with ready for unexpected surprises,Reviewed in India üáÆüá≥ on 24 May 2023,"2.0 out of 5 stars
Device NOT charging with charger in the box",2.0 out of 5 stars,Toys & Games,Device is not  charging with charger provided in the box. After changing charger it worked but low battery run. Buy with ready for unexpected surprises,"['Device', 'is', 'not', 'charging', 'with', 'charger', 'provided', 'in', 'the', 'box', 'After', 'changing', 'charger', 'it', 'worked', 'but', 'low', 'battery', 'run', 'Buy', 'with', 'ready', 'for', 'unexpected', 'surprises']","['Device', 'charging', 'charger', 'provided', 'box', 'After', 'changing', 'charger', 'worked', 'low', 'battery', 'run', 'Buy', 'ready', 'unexpected', 'surprises']","['devic', 'charg', 'charger', 'provid', 'box', 'after', 'chang', 'charger', 'work', 'low', 'batteri', 'run', 'buy', 'readi', 'unexpect', 'surpris']",devic charg charger provid box after chang charger work low batteri run buy readi unexpect surpris,0,0,0,0,0,0,0,0,0,0,0
3,,Reviewed in India üáÆüá≥ on 10 March 2023,"4.0 out of 5 stars
Nice gaming handhel and good for the price.",4.0 out of 5 stars,Toys & Games, ,[],[],[],,0,0,0,0,0,0,0,0,0,0,0
4,Not buy.  Waste of money,Reviewed in India üáÆüá≥ on 9 June 2023,"2.0 out of 5 stars
Product",2.0 out of 5 stars,Toys & Games,Not buy.  Waste of money,"['Not', 'buy', 'Waste', 'of', 'money']","['Not', 'buy', 'Waste', 'money']","['not', 'buy', 'wast', 'money']",not buy wast money,1,0,1,1,1,1,1,0,1,0,1
5,"With 400 classic games included, this console provides endless hours of entertainment. The games are easy to navigate and play, and the graphics and sound quality are impressive for an 8-bit console.One of the best features is the console's compatibility with TV. Being able to connect it to the TV adds another level of excitement to gaming. Additionally, it's convenient that the console is rechargeable.Overall, I am extremely satisfied with the VGRASSP Handheld Video Game Console. It's definitely worth the price, and it has exceeded my expectations in terms of design, game selection, and performance. I would highly recommend it to anyone looking for a fun and nostalgic gaming experience.",Reviewed in India üáÆüá≥ on 3 May 2023,"5.0 out of 5 stars
VGRASSP Handheld Video Game Console: A Great Buy for Fun and Nostalgic Gaming",5.0 out of 5 stars,Toys & Games,"With 400 classic games included, this console provides endless hours of entertainment. The games are easy to navigate and play, and the graphics and sound quality are impressive for an 8-bit console.One of the best features is the console's compatibility with TV. Being able to connect it to the TV adds another level of excitement to gaming. Additionally, it's convenient that the console is rechargeable.Overall, I am extremely satisfied with the VGRASSP Handheld Video Game Console. It's definitely worth the price, and it has exceeded my expectations in terms of design, game selection, and performance. I would highly recommend it to anyone looking for a fun and nostalgic gaming experience.","['With', 'classic', 'games', 'included', 'this', 'console', 'provides', 'endless', 'hours', 'of', 'entertainment', 'The', 'games', 'are', 'easy', 'to', 'navigate', 'and', 'play', 'and', 'the', 'graphics', 'and', 'sound', 'quality', 'are', 'impressive', 'for', 'an', 'of', 'the', 'best', 'features', 'is', 'the', 'console', 'compatibility', 'with', 'TV', 'Being', 'able', 'to', 'connect', 'it', 'to', 'the', 'TV', 'adds', 'another', 'level', 'of', 'excitement', 'to', 'gaming', 'Additionally', 'it', 'convenient', 'that', 'the', 'console', 'is', 'I', 'am', 'extremely', 'satisfied', 'with', 'the', 'VGRASSP', 'Handheld', 'Video', 'Game', 'Console', 'It', 'definitely', 'worth', 'the', 'price', 'and', 'it', 'has', 'exceeded', 'my', 'expectations', 'in', 'terms', 'of', 'design', 'game', 'selection', 'and', 'performance', 'I', 'would', 'highly', 'recommend', 'it', 'to', 'anyone', 'looking', 'for', 'a', 'fun', 'and', 'nostalgic', 'gaming', 'experience']","['With', 'classic', 'games', 'included', 'console', 'provides', 'endless', 'hours', 'entertainment', 'The', 'games', 'easy', 'navigate', 'play', 'graphics', 'sound', 'quality', 'impressive', 'best', 'features', 'console', 'compatibility', 'TV', 'Being', 'able', 'connect', 'TV', 'adds', 'another', 'level', 'excitement', 'gaming', 'Additionally', 'convenient', 'console', 'I', 'extremely', 'satisfied', 'VGRASSP', 'Handheld', 'Video', 'Game', 'Console', 'It', 'definitely', 'worth', 'price', 'exceeded', 'expectations', 'terms', 'design', 'game', 'selection', 'performance', 'I', 'would', 'highly', 'recommend', 'anyone', 'looking', 'fun', 'nostalgic', 'gaming', 'experience']","['with', 'classic', 'game', 'includ', 'consol', 'provid', 'endless', 'hour', 'entertain', 'the', 'game', 'easi', 'navig', 'play', 'graphic', 'sound', 'qualiti', 'impress', 'best', 'featur', 'consol', 'compat', 'tv', 'be', 'abl', 'connect', 'tv', 'add', 'anoth', 'level', 'excit', 'game', 'addit', 'conveni', 'consol', 'i', 'extrem', 'satisfi', 'vgrassp', 'handheld', 'video', 'game', 'consol', 'it', 'definit', 'worth', 'price', 'exceed', 'expect', 'term', 'design', 'game', 'select', 'perform', 'i', 'would', 'highli', 'recommend', 'anyon', 'look', 'fun', 'nostalg', 'game', 'experi']",with classic game includ consol provid endless hour entertain the game easi navig play graphic sound qualiti impress best featur consol compat tv be abl connect tv add anoth level excit game addit conveni consol i extrem satisfi vgrassp handheld video game consol it definit worth price exceed expect term design game select perform i would highli recommend anyon look fun nostalg game experi,0,1,1,0,0,1,0,0,1,0,0
6,It wasn't working even after 12 hours of charging!!!!,Reviewed in India üáÆüá≥ on 18 April 2023,"2.0 out of 5 stars
Not that good",2.0 out of 5 stars,Toys & Games,It wasn't working even after 12 hours of charging!!!!,"['It', 'was', 'working', 'even', 'after', 'hours', 'of', 'charging']","['It', 'working', 'even', 'hours', 'charging']","['it', 'work', 'even', 'hour', 'charg']",it work even hour charg,0,0,0,0,0,0,0,0,0,0,0
7,"The VGRASSP Handheld Video Game is a fun and compact device that offers a variety of classic games to play on-the-go. Its pocket-sized design makes it easy to carry around, and the built-in rechargeable battery ensures hours of gameplay. The graphics and sound are decent for a retro-style device, and the controls are responsive and easy to use. Overall, the VGRASSP Handheld Video Game is a great choice for anyone looking for a nostalgic gaming experience at an affordable price.",Reviewed in India üáÆüá≥ on 21 May 2023,"5.0 out of 5 stars
Best product",5.0 out of 5 stars,Toys & Games,"The VGRASSP Handheld Video Game is a fun and compact device that offers a variety of classic games to play on-the-go. Its pocket-sized design makes it easy to carry around, and the built-in rechargeable battery ensures hours of gameplay. The graphics and sound are decent for a retro-style device, and the controls are responsive and easy to use. Overall, the VGRASSP Handheld Video Game is a great choice for anyone looking for a nostalgic gaming experience at an affordable price.","['The', 'VGRASSP', 'Handheld', 'Video', 'Game', 'is', 'a', 'fun', 'and', 'compact', 'device', 'that', 'offers', 'a', 'variety', 'of', 'classic', 'games', 'to', 'play', 'Its', 'design', 'makes', 'it', 'easy', 'to', 'carry', 'around', 'and', 'the', 'rechargeable', 'battery', 'ensures', 'hours', 'of', 'gameplay', 'The', 'graphics', 'and', 'sound', 'are', 'decent', 'for', 'a', 'device', 'and', 'the', 'controls', 'are', 'responsive', 'and', 'easy', 'to', 'use', 'Overall', 'the', 'VGRASSP', 'Handheld', 'Video', 'Game', 'is', 'a', 'great', 'choice', 'for', 'anyone', 'looking', 'for', 'a', 'nostalgic', 'gaming', 'experience', 'at', 'an', 'affordable', 'price']","['The', 'VGRASSP', 'Handheld', 'Video', 'Game', 'fun', 'compact', 'device', 'offers', 'variety', 'classic', 'games', 'play', 'Its', 'design', 'makes', 'easy', 'carry', 'around', 'rechargeable', 'battery', 'ensures', 'hours', 'gameplay', 'The', 'graphics', 'sound', 'decent', 'device', 'controls', 'responsive', 'easy', 'use', 'Overall', 'VGRASSP', 'Handheld', 'Video', 'Game', 'great', 'choice', 'anyone', 'looking', 'nostalgic', 'gaming', 'experience', 'affordable', 'price']","['the', 'vgrassp', 'handheld', 'video', 'game', 'fun', 'compact', 'devic', 'offer', 'varieti', 'classic', 'game', 'play', 'it', 'design', 'make', 'easi', 'carri', 'around', 'recharg', 'batteri', 'ensur', 'hour', 'gameplay', 'the', 'graphic', 'sound', 'decent', 'devic', 'control', 'respons', 'easi', 'use', 'overal', 'vgrassp', 'handheld', 'video', 'game', 'great', 'choic', 'anyon', 'look', 'nostalg', 'game', 'experi', 'afford', 'price']",the vgrassp handheld video game fun compact devic offer varieti classic game play it design make easi carri around recharg batteri ensur hour gameplay the graphic sound decent devic control respons easi use overal vgrassp handheld video game great choic anyon look nostalg game experi afford price,0,0,0,0,0,1,0,0,1,0,0
8,It's a substantard product. Not worth the money.,Reviewed in India üáÆüá≥ on 11 March 2023,"2.0 out of 5 stars
Substandard product, avoid",2.0 out of 5 stars,Toys & Games,It's a substantard product. Not worth the money.,"['It', 'a', 'substantard', 'product', 'Not', 'worth', 'the', 'money']","['It', 'substantard', 'product', 'Not', 'worth', 'money']","['it', 'substantard', 'product', 'not', 'worth', 'money']",it substantard product not worth money,1,1,1,1,1,1,1,1,1,1,1
9,I RETUNRED THIS PRODUCT BECOUSE THE BATTERY IS NOT LASTINGit will be drain when play 3 games,Reviewed in India üáÆüá≥ on 21 September 2022,"3.0 out of 5 stars
low battery backup",3.0 out of 5 stars,Toys & Games,I RETUNRED THIS PRODUCT BECOUSE THE BATTERY IS NOT LASTINGit will be drain when play 3 games,"['I', 'RETUNRED', 'THIS', 'PRODUCT', 'BECOUSE', 'THE', 'BATTERY', 'IS', 'NOT', 'LASTINGit', 'will', 'be', 'drain', 'when', 'play', 'games']","['I', 'RETUNRED', 'THIS', 'PRODUCT', 'BECOUSE', 'THE', 'BATTERY', 'IS', 'NOT', 'LASTINGit', 'drain', 'play', 'games']","['i', 'retunr', 'thi', 'product', 'becous', 'the', 'batteri', 'is', 'not', 'lastingit', 'drain', 'play', 'game']",i retunr thi product becous the batteri is not lastingit drain play game,0,1,1,1,1,1,1,0,1,1,1
10,"This video game residing 400 classic and vivid games which can be easily carried in your pocket. Built quality is great. Easy to use and also convenient. mini video game comes along with a manual, battery, Av cable, USB. All 400 games are running very smoothly without any lagging issue. Rechargeable, Compact and portable. Battery backup is amazing and also charged fastly. Value for money.",Reviewed in India on 20 May 2023,"5.0 out of 5 stars
Portable and easy to use. Built quality and battery life is amazing.",5.0 out of 5 stars,Toys & Games,"This video game residing 400 classic and vivid games which can be easily carried in your pocket. Built quality is great. Easy to use and also convenient. mini video game comes along with a manual, battery, Av cable, USB. All 400 games are running very smoothly without any lagging issue. Rechargeable, Compact and portable. Battery backup is amazing and also charged fastly. Value for money.","['This', 'video', 'game', 'residing', 'classic', 'and', 'vivid', 'games', 'which', 'can', 'be', 'easily', 'carried', 'in', 'your', 'pocket', 'Built', 'quality', 'is', 'great', 'Easy', 'to', 'use', 'and', 'also', 'convenient', 'mini', 'video', 'game', 'comes', 'along', 'with', 'a', 'manual', 'battery', 'Av', 'cable', 'USB', 'All', 'games', 'are', 'running', 'very', 'smoothly', 'without', 'any', 'lagging', 'issue', 'Rechargeable', 'Compact', 'and', 'portable', 'Battery', 'backup', 'is', 'amazing', 'and', 'also', 'charged', 'fastly', 'Value', 'for', 'money']","['This', 'video', 'game', 'residing', 'classic', 'vivid', 'games', 'easily', 'carried', 'pocket', 'Built', 'quality', 'great', 'Easy', 'use', 'also', 'convenient', 'mini', 'video', 'game', 'comes', 'along', 'manual', 'battery', 'Av', 'cable', 'USB', 'All', 'games', 'running', 'smoothly', 'without', 'lagging', 'issue', 'Rechargeable', 'Compact', 'portable', 'Battery', 'backup', 'amazing', 'also', 'charged', 'fastly', 'Value', 'money']","['thi', 'video', 'game', 'resid', 'classic', 'vivid', 'game', 'easili', 'carri', 'pocket', 'built', 'qualiti', 'great', 'easi', 'use', 'also', 'conveni', 'mini', 'video', 'game', 'come', 'along', 'manual', 'batteri', 'av', 'cabl', 'usb', 'all', 'game', 'run', 'smoothli', 'without', 'lag', 'issu', 'recharg', 'compact', 'portabl', 'batteri', 'backup', 'amaz', 'also', 'charg', 'fastli', 'valu', 'money']",thi video game resid classic vivid game easili carri pocket built qualiti great easi use also conveni mini video game come along manual batteri av cabl usb all game run smoothli without lag issu recharg compact portabl batteri backup amaz also charg fastli valu money,0,0,0,0,0,0,0,0,0,0,0
11,The video game reminds me of my childhood. There is no difference in any game that we used to play on video game in our childhood.The product built quality is very good. Loud sound and clear viewing screen.Used 3-4 days and works perfectly fine. Purchased it for my 6 years old son.,Reviewed in India on 22 May 2023,"5.0 out of 5 stars
Worth buy!!! Good Built Quality",5.0 out of 5 stars,Toys & Games,The video game reminds me of my childhood. There is no difference in any game that we used to play on video game in our childhood.The product built quality is very good. Loud sound and clear viewing screen.Used 3-4 days and works perfectly fine. Purchased it for my 6 years old son.,"['The', 'video', 'game', 'reminds', 'me', 'of', 'my', 'childhood', 'There', 'is', 'no', 'difference', 'in', 'any', 'game', 'that', 'we', 'used', 'to', 'play', 'on', 'video', 'game', 'in', 'our', 'product', 'built', 'quality', 'is', 'very', 'good', 'Loud', 'sound', 'and', 'clear', 'viewing', 'days', 'and', 'works', 'perfectly', 'fine', 'Purchased', 'it', 'for', 'my', 'years', 'old', 'son']","['The', 'video', 'game', 'reminds', 'childhood', 'There', 'difference', 'game', 'used', 'play', 'video', 'game', 'product', 'built', 'quality', 'good', 'Loud', 'sound', 'clear', 'viewing', 'days', 'works', 'perfectly', 'fine', 'Purchased', 'years', 'old', 'son']","['the', 'video', 'game', 'remind', 'childhood', 'there', 'differ', 'game', 'use', 'play', 'video', 'game', 'product', 'built', 'qualiti', 'good', 'loud', 'sound', 'clear', 'view', 'day', 'work', 'perfectli', 'fine', 'purchas', 'year', 'old', 'son']",the video game remind childhood there differ game use play video game product built qualiti good loud sound clear view day work perfectli fine purchas year old son,0,0,0,0,0,0,0,0,0,0,0
12,"Bought this for myself to relive my childhood memories. This console have all the games like contra, mario, galaxy etc. a great time pass. Best thing abt this is thst it runs on battery that can be charged and not cells.",Reviewed in India on 27 May 2023,"5.0 out of 5 stars
Brought back old memories",5.0 out of 5 stars,Toys & Games,"Bought this for myself to relive my childhood memories. This console have all the games like contra, mario, galaxy etc. a great time pass. Best thing abt this is thst it runs on battery that can be charged and not cells.","['Bought', 'this', 'for', 'myself', 'to', 'relive', 'my', 'childhood', 'memories', 'This', 'console', 'have', 'all', 'the', 'games', 'like', 'contra', 'mario', 'galaxy', 'etc', 'a', 'great', 'time', 'pass', 'Best', 'thing', 'abt', 'this', 'is', 'thst', 'it', 'runs', 'on', 'battery', 'that', 'can', 'be', 'charged', 'and', 'not', 'cells']","['Bought', 'relive', 'childhood', 'memories', 'This', 'console', 'games', 'like', 'contra', 'mario', 'galaxy', 'etc', 'great', 'time', 'pass', 'Best', 'thing', 'abt', 'thst', 'runs', 'battery', 'charged', 'cells']","['bought', 'reliv', 'childhood', 'memori', 'thi', 'consol', 'game', 'like', 'contra', 'mario', 'galaxi', 'etc', 'great', 'time', 'pass', 'best', 'thing', 'abt', 'thst', 'run', 'batteri', 'charg', 'cell']",bought reliv childhood memori thi consol game like contra mario galaxi etc great time pass best thing abt thst run batteri charg cell,0,0,0,0,0,0,0,0,1,0,0
13,I loved it,Reviewed in India on 13 June 2023,"5.0 out of 5 stars
Best",5.0 out of 5 stars,Toys & Games,I loved it,"['I', 'loved', 'it']","['I', 'loved']","['i', 'love']",i love,0,0,1,1,0,0,0,1,0,0,0
14,"One of the best features is the console's compatibility with TV. Being able to connect it to the TV adds another level of excitement to gaming. Additionally, it's convenient that the console is rechargeable. it has exceeded my expectations in terms of design, game selection, and performance.",Reviewed in India on 20 May 2023,"5.0 out of 5 stars
Good product",5.0 out of 5 stars,Toys & Games,"One of the best features is the console's compatibility with TV. Being able to connect it to the TV adds another level of excitement to gaming. Additionally, it's convenient that the console is rechargeable. it has exceeded my expectations in terms of design, game selection, and performance.","['One', 'of', 'the', 'best', 'features', 'is', 'the', 'console', 'compatibility', 'with', 'TV', 'Being', 'able', 'to', 'connect', 'it', 'to', 'the', 'TV', 'adds', 'another', 'level', 'of', 'excitement', 'to', 'gaming', 'Additionally', 'it', 'convenient', 'that', 'the', 'console', 'is', 'rechargeable', 'it', 'has', 'exceeded', 'my', 'expectations', 'in', 'terms', 'of', 'design', 'game', 'selection', 'and', 'performance']","['One', 'best', 'features', 'console', 'compatibility', 'TV', 'Being', 'able', 'connect', 'TV', 'adds', 'another', 'level', 'excitement', 'gaming', 'Additionally', 'convenient', 'console', 'rechargeable', 'exceeded', 'expectations', 'terms', 'design', 'game', 'selection', 'performance']","['one', 'best', 'featur', 'consol', 'compat', 'tv', 'be', 'abl', 'connect', 'tv', 'add', 'anoth', 'level', 'excit', 'game', 'addit', 'conveni', 'consol', 'recharg', 'exceed', 'expect', 'term', 'design', 'game', 'select', 'perform']",one best featur consol compat tv be abl connect tv add anoth level excit game addit conveni consol recharg exceed expect term design game select perform,1,1,1,1,0,0,0,0,0,0,0
15,This is amazing game with 400 games in it and its compact can be fit in a pocket easily and the wires are of good quality and attachable with TV  u can play on big screen and kids just love it and the quality of resolution is good too.....highly impressed.,Reviewed in India on 14 May 2023,"5.0 out of 5 stars
This is an amazing game",5.0 out of 5 stars,Toys & Games,This is amazing game with 400 games in it and its compact can be fit in a pocket easily and the wires are of good quality and attachable with TV  u can play on big screen and kids just love it and the quality of resolution is good too.....highly impressed.,"['This', 'is', 'amazing', 'game', 'with', 'games', 'in', 'it', 'and', 'its', 'compact', 'can', 'be', 'fit', 'in', 'a', 'pocket', 'easily', 'and', 'the', 'wires', 'are', 'of', 'good', 'quality', 'and', 'attachable', 'with', 'TV', 'u', 'can', 'play', 'on', 'big', 'screen', 'and', 'kids', 'just', 'love', 'it', 'and', 'the', 'quality', 'of', 'resolution', 'is', 'good', 'too', 'highly', 'impressed']","['This', 'amazing', 'game', 'games', 'compact', 'fit', 'pocket', 'easily', 'wires', 'good', 'quality', 'attachable', 'TV', 'u', 'play', 'big', 'screen', 'kids', 'love', 'quality', 'resolution', 'good', 'highly', 'impressed']","['thi', 'amaz', 'game', 'game', 'compact', 'fit', 'pocket', 'easili', 'wire', 'good', 'qualiti', 'attach', 'tv', 'u', 'play', 'big', 'screen', 'kid', 'love', 'qualiti', 'resolut', 'good', 'highli', 'impress']",thi amaz game game compact fit pocket easili wire good qualiti attach tv u play big screen kid love qualiti resolut good highli impress,0,0,0,0,0,0,0,0,1,0,0
16,"Reminds me of the childhood, now my kid enjoys it!The quality is good, easy to hold and play, almost 400 different types of games to play, would definitely recommend if you remember playing Mario and other vintage games!",Reviewed in India on 16 May 2023,"5.0 out of 5 stars
Great product!",5.0 out of 5 stars,Toys & Games,"Reminds me of the childhood, now my kid enjoys it!The quality is good, easy to hold and play, almost 400 different types of games to play, would definitely recommend if you remember playing Mario and other vintage games!","['Reminds', 'me', 'of', 'the', 'childhood', 'now', 'my', 'kid', 'enjoys', 'it', 'The', 'quality', 'is', 'good', 'easy', 'to', 'hold', 'and', 'play', 'almost', 'different', 'types', 'of', 'games', 'to', 'play', 'would', 'definitely', 'recommend', 'if', 'you', 'remember', 'playing', 'Mario', 'and', 'other', 'vintage', 'games']","['Reminds', 'childhood', 'kid', 'enjoys', 'The', 'quality', 'good', 'easy', 'hold', 'play', 'almost', 'different', 'types', 'games', 'play', 'would', 'definitely', 'recommend', 'remember', 'playing', 'Mario', 'vintage', 'games']","['remind', 'childhood', 'kid', 'enjoy', 'the', 'qualiti', 'good', 'easi', 'hold', 'play', 'almost', 'differ', 'type', 'game', 'play', 'would', 'definit', 'recommend', 'rememb', 'play', 'mario', 'vintag', 'game']",remind childhood kid enjoy the qualiti good easi hold play almost differ type game play would definit recommend rememb play mario vintag game,0,0,0,0,0,0,0,0,1,0,0
17,"Product is extremely good, I didn‚Äôt expect to have a childhood video game in this smart sizeGood to have for 90s Kids, quality is good, multiple games. Volume is also decent with up down control",Reviewed in India on 17 May 2023,"5.0 out of 5 stars
Good Product",5.0 out of 5 stars,Toys & Games,"Product is extremely good, I didn‚Äôt expect to have a childhood video game in this smart sizeGood to have for 90s Kids, quality is good, multiple games. Volume is also decent with up down control","['Product', 'is', 'extremely', 'good', 'I', 'didn', 't', 'expect', 'to', 'have', 'a', 'childhood', 'video', 'game', 'in', 'this', 'smart', 'sizeGood', 'to', 'have', 'for', 'Kids', 'quality', 'is', 'good', 'multiple', 'games', 'Volume', 'is', 'also', 'decent', 'with', 'up', 'down', 'control']","['Product', 'extremely', 'good', 'I', 'expect', 'childhood', 'video', 'game', 'smart', 'sizeGood', 'Kids', 'quality', 'good', 'multiple', 'games', 'Volume', 'also', 'decent', 'control']","['product', 'extrem', 'good', 'i', 'expect', 'childhood', 'video', 'game', 'smart', 'sizegood', 'kid', 'qualiti', 'good', 'multipl', 'game', 'volum', 'also', 'decent', 'control']",product extrem good i expect childhood video game smart sizegood kid qualiti good multipl game volum also decent control,0,0,0,0,0,0,0,0,0,1,0
18,My childhood reviev again. I used to play lots of games. this give me freedom to play games anywhere. Battry backup is good. Build quality is nice.easy to carry. More then 400games. My kids also loved to Play this.,Reviewed in India on 12 May 2023,"5.0 out of 5 stars
Value for money",5.0 out of 5 stars,Toys & Games,My childhood reviev again. I used to play lots of games. this give me freedom to play games anywhere. Battry backup is good. Build quality is nice.easy to carry. More then 400games. My kids also loved to Play this.,"['My', 'childhood', 'reviev', 'again', 'I', 'used', 'to', 'play', 'lots', 'of', 'games', 'this', 'give', 'me', 'freedom', 'to', 'play', 'games', 'anywhere', 'Battry', 'backup', 'is', 'good', 'Build', 'quality', 'is', 'to', 'carry', 'More', 'then', 'My', 'kids', 'also', 'loved', 'to', 'Play', 'this']","['My', 'childhood', 'reviev', 'I', 'used', 'play', 'lots', 'games', 'give', 'freedom', 'play', 'games', 'anywhere', 'Battry', 'backup', 'good', 'Build', 'quality', 'carry', 'More', 'My', 'kids', 'also', 'loved', 'Play']","['my', 'childhood', 'reviev', 'i', 'use', 'play', 'lot', 'game', 'give', 'freedom', 'play', 'game', 'anywher', 'battri', 'backup', 'good', 'build', 'qualiti', 'carri', 'more', 'my', 'kid', 'also', 'love', 'play']",my childhood reviev i use play lot game give freedom play game anywher battri backup good build qualiti carri more my kid also love play,0,0,0,0,0,0,0,0,0,0,0
19,"Best hand game, I buy for my son and also for me, fullon 400 games I enjoyed with my children, I connected with my led TV and enjoy a big screening game, I remember my old days with this game, I am loving‚ù§Ô∏è",Reviewed in India on 8 May 2023,"5.0 out of 5 stars
Best game, remember old memories",5.0 out of 5 stars,Toys & Games,"Best hand game, I buy for my son and also for me, fullon 400 games I enjoyed with my children, I connected with my led TV and enjoy a big screening game, I remember my old days with this game, I am loving‚ù§Ô∏è","['Best', 'hand', 'game', 'I', 'buy', 'for', 'my', 'son', 'and', 'also', 'for', 'me', 'fullon', 'games', 'I', 'enjoyed', 'with', 'my', 'children', 'I', 'connected', 'with', 'my', 'led', 'TV', 'and', 'enjoy', 'a', 'big', 'screening', 'game', 'I', 'remember', 'my', 'old', 'days', 'with', 'this', 'game', 'I', 'am']","['Best', 'hand', 'game', 'I', 'buy', 'son', 'also', 'fullon', 'games', 'I', 'enjoyed', 'children', 'I', 'connected', 'led', 'TV', 'enjoy', 'big', 'screening', 'game', 'I', 'remember', 'old', 'days', 'game', 'I']","['best', 'hand', 'game', 'i', 'buy', 'son', 'also', 'fullon', 'game', 'i', 'enjoy', 'children', 'i', 'connect', 'led', 'tv', 'enjoy', 'big', 'screen', 'game', 'i', 'rememb', 'old', 'day', 'game', 'i']",best hand game i buy son also fullon game i enjoy children i connect led tv enjoy big screen game i rememb old day game i,0,0,0,0,0,0,0,0,0,0,0
20,Used to play these games when I was a kid and playing them again with the same 8 bit sound and same style of gamepad puts a huge smile on my face,Reviewed in India üáÆüá≥ on 17 May 2023,"5.0 out of 5 stars
Brings back old memories",5.0 out of 5 stars,Toys & Games,Used to play these games when I was a kid and playing them again with the same 8 bit sound and same style of gamepad puts a huge smile on my face,"['Used', 'to', 'play', 'these', 'games', 'when', 'I', 'was', 'a', 'kid', 'and', 'playing', 'them', 'again', 'with', 'the', 'same', 'bit', 'sound', 'and', 'same', 'style', 'of', 'gamepad', 'puts', 'a', 'huge', 'smile', 'on', 'my', 'face']","['Used', 'play', 'games', 'I', 'kid', 'playing', 'bit', 'sound', 'style', 'gamepad', 'puts', 'huge', 'smile', 'face']","['use', 'play', 'game', 'i', 'kid', 'play', 'bit', 'sound', 'style', 'gamepad', 'put', 'huge', 'smile', 'face']",use play game i kid play bit sound style gamepad put huge smile face,0,0,0,0,0,0,0,0,0,0,0
21,A very interesting game set having 400 video games reminded me of my teenage. My kid loved it. Very easy to play and could b carried everywhere. Console it of good quality.,Reviewed in India üáÆüá≥ on 13 May 2023,"5.0 out of 5 stars
Nice game",5.0 out of 5 stars,Toys & Games,A very interesting game set having 400 video games reminded me of my teenage. My kid loved it. Very easy to play and could b carried everywhere. Console it of good quality.,"['A', 'very', 'interesting', 'game', 'set', 'having', 'video', 'games', 'reminded', 'me', 'of', 'my', 'teenage', 'My', 'kid', 'loved', 'it', 'Very', 'easy', 'to', 'play', 'and', 'could', 'b', 'carried', 'everywhere', 'Console', 'it', 'of', 'good', 'quality']","['A', 'interesting', 'game', 'set', 'video', 'games', 'reminded', 'teenage', 'My', 'kid', 'loved', 'Very', 'easy', 'play', 'could', 'b', 'carried', 'everywhere', 'Console', 'good', 'quality']","['a', 'interest', 'game', 'set', 'video', 'game', 'remind', 'teenag', 'my', 'kid', 'love', 'veri', 'easi', 'play', 'could', 'b', 'carri', 'everywher', 'consol', 'good', 'qualiti']",a interest game set video game remind teenag my kid love veri easi play could b carri everywher consol good qualiti,0,0,0,0,0,0,0,0,0,0,0
22,It works and it's good,Reviewed in India üáÆüá≥ on 29 May 2023,"5.0 out of 5 stars
Good",5.0 out of 5 stars,Toys & Games,It works and it's good,"['It', 'works', 'and', 'it', 'good']","['It', 'works', 'good']","['it', 'work', 'good']",it work good,0,0,0,0,0,0,1,0,0,0,0
23,This product very good looking and enjoying I playing the game this product lots of lots game available almost 400 game in a one. Battery life good and display size also good. Childhood memories. Thank to Amazon,Reviewed in India üáÆüá≥ on 11 May 2023,"5.0 out of 5 stars
Good product",5.0 out of 5 stars,Toys & Games,This product very good looking and enjoying I playing the game this product lots of lots game available almost 400 game in a one. Battery life good and display size also good. Childhood memories. Thank to Amazon,"['This', 'product', 'very', 'good', 'looking', 'and', 'enjoying', 'I', 'playing', 'the', 'game', 'this', 'product', 'lots', 'of', 'lots', 'game', 'available', 'almost', 'game', 'in', 'a', 'one', 'Battery', 'life', 'good', 'and', 'display', 'size', 'also', 'good', 'Childhood', 'memories', 'Thank', 'to', 'Amazon']","['This', 'product', 'good', 'looking', 'enjoying', 'I', 'playing', 'game', 'product', 'lots', 'lots', 'game', 'available', 'almost', 'game', 'one', 'Battery', 'life', 'good', 'display', 'size', 'also', 'good', 'Childhood', 'memories', 'Thank', 'Amazon']","['thi', 'product', 'good', 'look', 'enjoy', 'i', 'play', 'game', 'product', 'lot', 'lot', 'game', 'avail', 'almost', 'game', 'one', 'batteri', 'life', 'good', 'display', 'size', 'also', 'good', 'childhood', 'memori', 'thank', 'amazon']",thi product good look enjoy i play game product lot lot game avail almost game one batteri life good display size also good childhood memori thank amazon,0,0,0,0,0,0,0,0,0,0,0
24,Not working,Reviewed in India üáÆüá≥ on 6 March 2023,"2.0 out of 5 stars
Not good",2.0 out of 5 stars,Toys & Games,Not working,"['Not', 'working']","['Not', 'working']","['not', 'work']",not work,1,1,1,1,1,1,1,1,1,0,1
25,Very bad quality screen turns blurr. after replacing also 2 days it worked fine and then again screen turns white. Please don't buy it is waste of money. Products are not brand new used pieces are being sent. Seller is cheating.Amazon needs to take care of this.,Reviewed in India üáÆüá≥ on 20 May 2023,"1.0 out of 5 stars
Bad quality stops working after 3 days",1.0 out of 5 stars,Toys & Games,Very bad quality screen turns blurr. after replacing also 2 days it worked fine and then again screen turns white. Please don't buy it is waste of money. Products are not brand new used pieces are being sent. Seller is cheating.Amazon needs to take care of this.,"['Very', 'bad', 'quality', 'screen', 'turns', 'blurr', 'after', 'replacing', 'also', 'days', 'it', 'worked', 'fine', 'and', 'then', 'again', 'screen', 'turns', 'white', 'Please', 'do', 'buy', 'it', 'is', 'waste', 'of', 'money', 'Products', 'are', 'not', 'brand', 'new', 'used', 'pieces', 'are', 'being', 'sent', 'Seller', 'is', 'needs', 'to', 'take', 'care', 'of', 'this']","['Very', 'bad', 'quality', 'screen', 'turns', 'blurr', 'replacing', 'also', 'days', 'worked', 'fine', 'screen', 'turns', 'white', 'Please', 'buy', 'waste', 'money', 'Products', 'brand', 'new', 'used', 'pieces', 'sent', 'Seller', 'needs', 'take', 'care']","['veri', 'bad', 'qualiti', 'screen', 'turn', 'blurr', 'replac', 'also', 'day', 'work', 'fine', 'screen', 'turn', 'white', 'pleas', 'buy', 'wast', 'money', 'product', 'brand', 'new', 'use', 'piec', 'sent', 'seller', 'need', 'take', 'care']",veri bad qualiti screen turn blurr replac also day work fine screen turn white pleas buy wast money product brand new use piec sent seller need take care,0,0,0,0,0,0,0,0,0,0,0
26,"Charge is not getting standed even for 10 mins while playing after 2 hours of charge completion, I would like to return this",Reviewed in India üáÆüá≥ on 11 June 2023,"1.0 out of 5 stars
Charge standby",1.0 out of 5 stars,Toys & Games,"Charge is not getting standed even for 10 mins while playing after 2 hours of charge completion, I would like to return this","['Charge', 'is', 'not', 'getting', 'standed', 'even', 'for', 'mins', 'while', 'playing', 'after', 'hours', 'of', 'charge', 'completion', 'I', 'would', 'like', 'to', 'return', 'this']","['Charge', 'getting', 'standed', 'even', 'mins', 'playing', 'hours', 'charge', 'completion', 'I', 'would', 'like', 'return']","['charg', 'get', 'stand', 'even', 'min', 'play', 'hour', 'charg', 'complet', 'i', 'would', 'like', 'return']",charg get stand even min play hour charg complet i would like return,0,0,0,0,0,0,0,0,0,0,0
27,"I want my refund amount, the product quality is not good... Easily last of the product brokeed",Reviewed in India üáÆüá≥ on 17 June 2023,"1.0 out of 5 stars
Worst quality",1.0 out of 5 stars,Toys & Games,"I want my refund amount, the product quality is not good... Easily last of the product brokeed","['I', 'want', 'my', 'refund', 'amount', 'the', 'product', 'quality', 'is', 'not', 'good', 'Easily', 'last', 'of', 'the', 'product', 'brokeed']","['I', 'want', 'refund', 'amount', 'product', 'quality', 'good', 'Easily', 'last', 'product', 'brokeed']","['i', 'want', 'refund', 'amount', 'product', 'qualiti', 'good', 'easili', 'last', 'product', 'broke']",i want refund amount product qualiti good easili last product broke,1,1,1,1,1,1,1,0,1,1,1
28,"Best video game ever i played , build quality is also nice",Reviewed in India üáÆüá≥ on 17 May 2023,"5.0 out of 5 stars
Best quality",5.0 out of 5 stars,Toys & Games,"Best video game ever i played , build quality is also nice","['Best', 'video', 'game', 'ever', 'i', 'played', 'build', 'quality', 'is', 'also', 'nice']","['Best', 'video', 'game', 'ever', 'played', 'build', 'quality', 'also', 'nice']","['best', 'video', 'game', 'ever', 'play', 'build', 'qualiti', 'also', 'nice']",best video game ever play build qualiti also nice,0,1,0,0,1,1,1,0,1,1,1
29,The charging didn‚Äôt even last for an hour. Had to frequently charge it again and again.,Reviewed in India üáÆüá≥ on 14 June 2023,"1.0 out of 5 stars
Very poor battery backup",1.0 out of 5 stars,Toys & Games,The charging didn‚Äôt even last for an hour. Had to frequently charge it again and again.,"['The', 'charging', 'didn', 't', 'even', 'last', 'for', 'an', 'hour', 'Had', 'to', 'frequently', 'charge', 'it', 'again', 'and', 'again']","['The', 'charging', 'even', 'last', 'hour', 'Had', 'frequently', 'charge']","['the', 'charg', 'even', 'last', 'hour', 'had', 'frequent', 'charg']",the charg even last hour had frequent charg,0,0,0,0,0,0,0,0,0,0,0
30,Very poor button quality n over all build. Buttons stopped working in 10 days.,Reviewed in India üáÆüá≥ on 7 June 2023,"1.0 out of 5 stars
not working in 10 days",1.0 out of 5 stars,Toys & Games,Very poor button quality n over all build. Buttons stopped working in 10 days.,"['Very', 'poor', 'button', 'quality', 'n', 'over', 'all', 'build', 'Buttons', 'stopped', 'working', 'in', 'days']","['Very', 'poor', 'button', 'quality', 'n', 'build', 'Buttons', 'stopped', 'working', 'days']","['veri', 'poor', 'button', 'qualiti', 'n', 'build', 'button', 'stop', 'work', 'day']",veri poor button qualiti n build button stop work day,0,0,0,0,0,0,0,0,0,0,0
31,"It brings back lovely childhood memories, I bought it for my son but sometimes I also enjoy paying games in it. Built quality is good and battery backup is decent. Comes with an AV cable to connect to TV. Overall good purchase.",Reviewed in India üáÆüá≥ on 30 March 2023,"5.0 out of 5 stars
Nostalgic",5.0 out of 5 stars,Toys & Games,"It brings back lovely childhood memories, I bought it for my son but sometimes I also enjoy paying games in it. Built quality is good and battery backup is decent. Comes with an AV cable to connect to TV. Overall good purchase.","['It', 'brings', 'back', 'lovely', 'childhood', 'memories', 'I', 'bought', 'it', 'for', 'my', 'son', 'but', 'sometimes', 'I', 'also', 'enjoy', 'paying', 'games', 'in', 'it', 'Built', 'quality', 'is', 'good', 'and', 'battery', 'backup', 'is', 'decent', 'Comes', 'with', 'an', 'AV', 'cable', 'to', 'connect', 'to', 'TV', 'Overall', 'good', 'purchase']","['It', 'brings', 'back', 'lovely', 'childhood', 'memories', 'I', 'bought', 'son', 'sometimes', 'I', 'also', 'enjoy', 'paying', 'games', 'Built', 'quality', 'good', 'battery', 'backup', 'decent', 'Comes', 'AV', 'cable', 'connect', 'TV', 'Overall', 'good', 'purchase']","['it', 'bring', 'back', 'love', 'childhood', 'memori', 'i', 'bought', 'son', 'sometim', 'i', 'also', 'enjoy', 'pay', 'game', 'built', 'qualiti', 'good', 'batteri', 'backup', 'decent', 'come', 'av', 'cabl', 'connect', 'tv', 'overal', 'good', 'purchas']",it bring back love childhood memori i bought son sometim i also enjoy pay game built qualiti good batteri backup decent come av cabl connect tv overal good purchas,0,0,0,0,0,0,0,0,0,0,0
32,Requested a Return but due to some error it was not taking the return request and as today return window has been closed,Reviewed in India üáÆüá≥ on 24 May 2023,"1.0 out of 5 stars
Not Working Properly",1.0 out of 5 stars,Toys & Games,Requested a Return but due to some error it was not taking the return request and as today return window has been closed,"['Requested', 'a', 'Return', 'but', 'due', 'to', 'some', 'error', 'it', 'was', 'not', 'taking', 'the', 'return', 'request', 'and', 'as', 'today', 'return', 'window', 'has', 'been', 'closed']","['Requested', 'Return', 'due', 'error', 'taking', 'return', 'request', 'today', 'return', 'window', 'closed']","['request', 'return', 'due', 'error', 'take', 'return', 'request', 'today', 'return', 'window', 'close']",request return due error take return request today return window close,0,0,0,0,0,0,0,0,0,0,0
33,Im posting after using this product for about a month..no complaints..value for money product....This console is for anyone who wishes to relive the childhood retro video games. It will take you back to memory lane where you would have played....,Reviewed in India üáÆüá≥ on 24 March 2023,"5.0 out of 5 stars
Good product",5.0 out of 5 stars,Toys & Games,Im posting after using this product for about a month..no complaints..value for money product....This console is for anyone who wishes to relive the childhood retro video games. It will take you back to memory lane where you would have played....,"['Im', 'posting', 'after', 'using', 'this', 'product', 'for', 'about', 'a', 'month', 'no', 'complaints', 'value', 'for', 'money', 'product', 'This', 'console', 'is', 'for', 'anyone', 'who', 'wishes', 'to', 'relive', 'the', 'childhood', 'retro', 'video', 'games', 'It', 'will', 'take', 'you', 'back', 'to', 'memory', 'lane', 'where', 'you', 'would', 'have', 'played']","['Im', 'posting', 'using', 'product', 'month', 'complaints', 'value', 'money', 'product', 'This', 'console', 'anyone', 'wishes', 'relive', 'childhood', 'retro', 'video', 'games', 'It', 'take', 'back', 'memory', 'lane', 'would', 'played']","['im', 'post', 'use', 'product', 'month', 'complaint', 'valu', 'money', 'product', 'thi', 'consol', 'anyon', 'wish', 'reliv', 'childhood', 'retro', 'video', 'game', 'it', 'take', 'back', 'memori', 'lane', 'would', 'play']",im post use product month complaint valu money product thi consol anyon wish reliv childhood retro video game it take back memori lane would play,0,0,0,0,0,0,0,0,0,0,0
34,"Have gifted to my nephew and that game didn't work. Battery not charging at all. He has to play with the charger on, else the game would become blank.",Reviewed in India üáÆüá≥ on 9 May 2023,"1.0 out of 5 stars
Not happy with the product.",1.0 out of 5 stars,Toys & Games,"Have gifted to my nephew and that game didn't work. Battery not charging at all. He has to play with the charger on, else the game would become blank.","['Have', 'gifted', 'to', 'my', 'nephew', 'and', 'that', 'game', 'did', 'work', 'Battery', 'not', 'charging', 'at', 'all', 'He', 'has', 'to', 'play', 'with', 'the', 'charger', 'on', 'else', 'the', 'game', 'would', 'become', 'blank']","['Have', 'gifted', 'nephew', 'game', 'work', 'Battery', 'charging', 'He', 'play', 'charger', 'else', 'game', 'would', 'become', 'blank']","['have', 'gift', 'nephew', 'game', 'work', 'batteri', 'charg', 'he', 'play', 'charger', 'els', 'game', 'would', 'becom', 'blank']",have gift nephew game work batteri charg he play charger els game would becom blank,0,0,0,0,0,0,0,0,0,0,0
35,This game has all the games that a 90s kid might have played on video game console. It's very nostalgic bought it as a present for my nephew but end up playing myself for hours. I recommend this a good gifting option for any 90s kid.,Reviewed in India üáÆüá≥ on 13 March 2023,"5.0 out of 5 stars
Best gaming device ever",5.0 out of 5 stars,Toys & Games,This game has all the games that a 90s kid might have played on video game console. It's very nostalgic bought it as a present for my nephew but end up playing myself for hours. I recommend this a good gifting option for any 90s kid.,"['This', 'game', 'has', 'all', 'the', 'games', 'that', 'a', 'kid', 'might', 'have', 'played', 'on', 'video', 'game', 'console', 'It', 'very', 'nostalgic', 'bought', 'it', 'as', 'a', 'present', 'for', 'my', 'nephew', 'but', 'end', 'up', 'playing', 'myself', 'for', 'hours', 'I', 'recommend', 'this', 'a', 'good', 'gifting', 'option', 'for', 'any', 'kid']","['This', 'game', 'games', 'kid', 'might', 'played', 'video', 'game', 'console', 'It', 'nostalgic', 'bought', 'present', 'nephew', 'end', 'playing', 'hours', 'I', 'recommend', 'good', 'gifting', 'option', 'kid']","['thi', 'game', 'game', 'kid', 'might', 'play', 'video', 'game', 'consol', 'it', 'nostalg', 'bought', 'present', 'nephew', 'end', 'play', 'hour', 'i', 'recommend', 'good', 'gift', 'option', 'kid']",thi game game kid might play video game consol it nostalg bought present nephew end play hour i recommend good gift option kid,0,0,0,0,0,0,0,0,0,0,0
36,Didnt last for more than 2 weeks,Reviewed in India üáÆüá≥ on 20 June 2023,"1.0 out of 5 stars
Very cheap chinese stuff,,, waste of money",1.0 out of 5 stars,Toys & Games,Didnt last for more than 2 weeks,"['Didnt', 'last', 'for', 'more', 'than', 'weeks']","['Didnt', 'last', 'weeks']","['didnt', 'last', 'week']",didnt last week,0,0,0,0,0,0,0,0,1,0,0
37,I liked the colour fo the video game and excellent quality and its easy to use and very good battery life,Reviewed in India üáÆüá≥ on 29 March 2023,"5.0 out of 5 stars
It was a very good video game and nice colour",5.0 out of 5 stars,Toys & Games,I liked the colour fo the video game and excellent quality and its easy to use and very good battery life,"['I', 'liked', 'the', 'colour', 'fo', 'the', 'video', 'game', 'and', 'excellent', 'quality', 'and', 'its', 'easy', 'to', 'use', 'and', 'very', 'good', 'battery', 'life']","['I', 'liked', 'colour', 'fo', 'video', 'game', 'excellent', 'quality', 'easy', 'use', 'good', 'battery', 'life']","['i', 'like', 'colour', 'fo', 'video', 'game', 'excel', 'qualiti', 'easi', 'use', 'good', 'batteri', 'life']",i like colour fo video game excel qualiti easi use good batteri life,0,1,0,0,1,1,1,0,1,0,0
38,Childhood memories back I bought for my son he is very happy enjoying this game there are 400 games in 1 game we can connect withT. V also amazing game's üéÆ üòÑwe all are playing and fun together I like it,Reviewed in India üáÆüá≥ on 28 February 2023,"5.0 out of 5 stars
Excellent game working well",5.0 out of 5 stars,Toys & Games,Childhood memories back I bought for my son he is very happy enjoying this game there are 400 games in 1 game we can connect withT. V also amazing game's üéÆ üòÑwe all are playing and fun together I like it,"['Childhood', 'memories', 'back', 'I', 'bought', 'for', 'my', 'son', 'he', 'is', 'very', 'happy', 'enjoying', 'this', 'game', 'there', 'are', 'games', 'in', 'game', 'we', 'can', 'connect', 'withT', 'V', 'also', 'amazing', 'game', 'all', 'are', 'playing', 'and', 'fun', 'together', 'I', 'like', 'it']","['Childhood', 'memories', 'back', 'I', 'bought', 'son', 'happy', 'enjoying', 'game', 'games', 'game', 'connect', 'withT', 'V', 'also', 'amazing', 'game', 'playing', 'fun', 'together', 'I', 'like']","['childhood', 'memori', 'back', 'i', 'bought', 'son', 'happi', 'enjoy', 'game', 'game', 'game', 'connect', 'witht', 'v', 'also', 'amaz', 'game', 'play', 'fun', 'togeth', 'i', 'like']",childhood memori back i bought son happi enjoy game game game connect witht v also amaz game play fun togeth i like,1,0,1,1,0,0,0,0,0,0,0
39,Okay to use,Reviewed in India üáÆüá≥ on 30 June 2022,"3.0 out of 5 stars
Good",3.0 out of 5 stars,Toys & Games,Okay to use,"['Okay', 'to', 'use']","['Okay', 'use']","['okay', 'use']",okay use,0,0,1,0,0,0,1,0,0,0,0
40,Nice game for kids. This device has inbuilt 400 games and battery backup is very good. Button response is also good highly recommended to buy. Value for money.,Reviewed in India on 2 March 2023,"5.0 out of 5 stars
Nice Gadget for kids",5.0 out of 5 stars,Toys & Games,Nice game for kids. This device has inbuilt 400 games and battery backup is very good. Button response is also good highly recommended to buy. Value for money.,"['Nice', 'game', 'for', 'kids', 'This', 'device', 'has', 'inbuilt', 'games', 'and', 'battery', 'backup', 'is', 'very', 'good', 'Button', 'response', 'is', 'also', 'good', 'highly', 'recommended', 'to', 'buy', 'Value', 'for', 'money']","['Nice', 'game', 'kids', 'This', 'device', 'inbuilt', 'games', 'battery', 'backup', 'good', 'Button', 'response', 'also', 'good', 'highly', 'recommended', 'buy', 'Value', 'money']","['nice', 'game', 'kid', 'thi', 'devic', 'inbuilt', 'game', 'batteri', 'backup', 'good', 'button', 'respons', 'also', 'good', 'highli', 'recommend', 'buy', 'valu', 'money']",nice game kid thi devic inbuilt game batteri backup good button respons also good highli recommend buy valu money,0,0,1,0,0,0,0,0,0,0,0
41,The game is compact and nice easy to carry ‚Ä¶very easy to use‚Ä¶.n best for all age groups even good for elders to play with ‚Ä¶.good quality value for money,Reviewed in India on 26 February 2023,"5.0 out of 5 stars
Best game for kids",5.0 out of 5 stars,Toys & Games,The game is compact and nice easy to carry ‚Ä¶very easy to use‚Ä¶.n best for all age groups even good for elders to play with ‚Ä¶.good quality value for money,"['The', 'game', 'is', 'compact', 'and', 'nice', 'easy', 'to', 'carry', 'easy', 'to', 'best', 'for', 'all', 'age', 'groups', 'even', 'good', 'for', 'elders', 'to', 'play', 'with', 'quality', 'value', 'for', 'money']","['The', 'game', 'compact', 'nice', 'easy', 'carry', 'easy', 'best', 'age', 'groups', 'even', 'good', 'elders', 'play', 'quality', 'value', 'money']","['the', 'game', 'compact', 'nice', 'easi', 'carri', 'easi', 'best', 'age', 'group', 'even', 'good', 'elder', 'play', 'qualiti', 'valu', 'money']",the game compact nice easi carri easi best age group even good elder play qualiti valu money,0,0,0,0,0,0,0,0,0,0,0
42,i brought it for my 4year old son and it‚Äôs was excellent good quality and everything,Reviewed in India on 14 March 2023,"5.0 out of 5 stars
good",5.0 out of 5 stars,Toys & Games,i brought it for my 4year old son and it‚Äôs was excellent good quality and everything,"['i', 'brought', 'it', 'for', 'my', 'old', 'son', 'and', 'it', 's', 'was', 'excellent', 'good', 'quality', 'and', 'everything']","['brought', 'old', 'son', 'excellent', 'good', 'quality', 'everything']","['brought', 'old', 'son', 'excel', 'good', 'qualiti', 'everyth']",brought old son excel good qualiti everyth,0,0,0,0,0,0,1,0,0,0,0
43,Guys it's amazing handy video game .  With awesome quality . My kids r enjoying alot with this,Reviewed in India on 5 March 2023,"5.0 out of 5 stars
Mast quality",5.0 out of 5 stars,Toys & Games,Guys it's amazing handy video game .  With awesome quality . My kids r enjoying alot with this,"['Guys', 'it', 'amazing', 'handy', 'video', 'game', 'With', 'awesome', 'quality', 'My', 'kids', 'r', 'enjoying', 'alot', 'with', 'this']","['Guys', 'amazing', 'handy', 'video', 'game', 'With', 'awesome', 'quality', 'My', 'kids', 'r', 'enjoying', 'alot']","['guy', 'amaz', 'handi', 'video', 'game', 'with', 'awesom', 'qualiti', 'my', 'kid', 'r', 'enjoy', 'alot']",guy amaz handi video game with awesom qualiti my kid r enjoy alot,0,0,0,0,0,0,0,0,0,0,0
44,,Reviewed in India on 3 October 2022,"4.0 out of 5 stars
Good quality game console",4.0 out of 5 stars,Toys & Games, ,[],[],[],,0,0,0,0,0,0,0,0,0,0,0
45,Value for money.Very good game.Reminds old memories.Easy to use keyboard.It can view on tv also.You can for it,Reviewed in India on 22 February 2023,"5.0 out of 5 stars
Very good game.",5.0 out of 5 stars,Toys & Games,Value for money.Very good game.Reminds old memories.Easy to use keyboard.It can view on tv also.You can for it,"['Value', 'for', 'good', 'old', 'to', 'use', 'can', 'view', 'on', 'tv', 'can', 'for', 'it']","['Value', 'good', 'old', 'use', 'view', 'tv']","['valu', 'good', 'old', 'use', 'view', 'tv']",valu good old use view tv,0,0,1,1,0,0,0,0,0,0,0
46,"this is really good for my baby ,,, my baby all time take my phone and see youtube cartoon video but now help of this game my baby love this and play alots....",Reviewed in India on 27 January 2023,"5.0 out of 5 stars
i love this game",5.0 out of 5 stars,Toys & Games,"this is really good for my baby ,,, my baby all time take my phone and see youtube cartoon video but now help of this game my baby love this and play alots....","['this', 'is', 'really', 'good', 'for', 'my', 'baby', 'my', 'baby', 'all', 'time', 'take', 'my', 'phone', 'and', 'see', 'youtube', 'cartoon', 'video', 'but', 'now', 'help', 'of', 'this', 'game', 'my', 'baby', 'love', 'this', 'and', 'play', 'alots']","['really', 'good', 'baby', 'baby', 'time', 'take', 'phone', 'see', 'youtube', 'cartoon', 'video', 'help', 'game', 'baby', 'love', 'play', 'alots']","['realli', 'good', 'babi', 'babi', 'time', 'take', 'phone', 'see', 'youtub', 'cartoon', 'video', 'help', 'game', 'babi', 'love', 'play', 'alot']",realli good babi babi time take phone see youtub cartoon video help game babi love play alot,0,0,0,0,0,0,0,0,0,0,0
47,The delivery took place today itself and the screen problem is happening,Reviewed in India on 26 April 2023,"1.0 out of 5 stars
Very bad video game",1.0 out of 5 stars,Toys & Games,The delivery took place today itself and the screen problem is happening,"['The', 'delivery', 'took', 'place', 'today', 'itself', 'and', 'the', 'screen', 'problem', 'is', 'happening']","['The', 'delivery', 'took', 'place', 'today', 'screen', 'problem', 'happening']","['the', 'deliveri', 'took', 'place', 'today', 'screen', 'problem', 'happen']",the deliveri took place today screen problem happen,1,1,1,1,1,1,1,0,1,1,1
48,The product is not worth the price...charging port got damaged in 2 days,Reviewed in India on 7 October 2022,"2.0 out of 5 stars
not worth the price",2.0 out of 5 stars,Toys & Games,The product is not worth the price...charging port got damaged in 2 days,"['The', 'product', 'is', 'not', 'worth', 'the', 'price', 'charging', 'port', 'got', 'damaged', 'in', 'days']","['The', 'product', 'worth', 'price', 'charging', 'port', 'got', 'damaged', 'days']","['the', 'product', 'worth', 'price', 'charg', 'port', 'got', 'damag', 'day']",the product worth price charg port got damag day,1,1,1,1,1,1,1,0,1,1,1
49,Brought back memories of childhood for a small price,Reviewed in India on 15 February 2023,"5.0 out of 5 stars
Full time pass",5.0 out of 5 stars,Toys & Games,Brought back memories of childhood for a small price,"['Brought', 'back', 'memories', 'of', 'childhood', 'for', 'a', 'small', 'price']","['Brought', 'back', 'memories', 'childhood', 'small', 'price']","['brought', 'back', 'memori', 'childhood', 'small', 'price']",brought back memori childhood small price,0,0,1,0,0,0,0,0,0,0,0
50,this is the best gaming device on the go total worth the money .,Reviewed in India üáÆüá≥ on 31 January 2023,"5.0 out of 5 stars
best for vintage games",5.0 out of 5 stars,Toys & Games,this is the best gaming device on the go total worth the money .,"['this', 'is', 'the', 'best', 'gaming', 'device', 'on', 'the', 'go', 'total', 'worth', 'the', 'money']","['best', 'gaming', 'device', 'go', 'total', 'worth', 'money']","['best', 'game', 'devic', 'go', 'total', 'worth', 'money']",best game devic go total worth money,1,1,1,1,1,1,1,0,1,1,1
51,"The product will last only 2 weeks and by then you cannot return it. Hence, Complete WASTE OF MONEY.",Reviewed in India üáÆüá≥ on 27 March 2023,"1.0 out of 5 stars
Waste of Money. Don't Buy.",1.0 out of 5 stars,Toys & Games,"The product will last only 2 weeks and by then you cannot return it. Hence, Complete WASTE OF MONEY.","['The', 'product', 'will', 'last', 'only', 'weeks', 'and', 'by', 'then', 'you', 'can', 'not', 'return', 'it', 'Hence', 'Complete', 'WASTE', 'OF', 'MONEY']","['The', 'product', 'last', 'weeks', 'return', 'Hence', 'Complete', 'WASTE', 'OF', 'MONEY']","['the', 'product', 'last', 'week', 'return', 'henc', 'complet', 'wast', 'of', 'money']",the product last week return henc complet wast of money,0,0,0,0,0,1,0,0,0,0,0
52,Stopped working in a day,Reviewed in India üáÆüá≥ on 3 May 2023,"1.0 out of 5 stars
Not reliable",1.0 out of 5 stars,Toys & Games,Stopped working in a day,"['Stopped', 'working', 'in', 'a', 'day']","['Stopped', 'working', 'day']","['stop', 'work', 'day']",stop work day,0,0,0,0,0,0,0,0,0,0,0
53,"Not working after 7 days.. 7 days was very good.. later no power no working, few games buttons are not functioning",Reviewed in India üáÆüá≥ on 22 June 2022,"2.0 out of 5 stars
Not working after 7 days, no charging no power.. buttons not working for few games",2.0 out of 5 stars,Toys & Games,"Not working after 7 days.. 7 days was very good.. later no power no working, few games buttons are not functioning","['Not', 'working', 'after', 'days', 'days', 'was', 'very', 'good', 'later', 'no', 'power', 'no', 'working', 'few', 'games', 'buttons', 'are', 'not', 'functioning']","['Not', 'working', 'days', 'days', 'good', 'later', 'power', 'working', 'games', 'buttons', 'functioning']","['not', 'work', 'day', 'day', 'good', 'later', 'power', 'work', 'game', 'button', 'function']",not work day day good later power work game button function,0,0,0,0,0,0,0,0,1,0,0
54,Restart again and againWithout any press button,Reviewed in India üáÆüá≥ on 9 April 2023,"1.0 out of 5 stars
Not working properly",1.0 out of 5 stars,Toys & Games,Restart again and againWithout any press button,"['Restart', 'again', 'and', 'againWithout', 'any', 'press', 'button']","['Restart', 'againWithout', 'press', 'button']","['restart', 'againwithout', 'press', 'button']",restart againwithout press button,0,0,0,0,0,0,0,0,1,0,0
55,Battery  low,Reviewed in India üáÆüá≥ on 26 April 2023,"1.0 out of 5 stars
Battery",1.0 out of 5 stars,Toys & Games,Battery  low,"['Battery', 'low']","['Battery', 'low']","['batteri', 'low']",batteri low,0,0,0,0,0,0,0,0,0,0,0
56,Very portable and handy gaming console. It does have all those 400 games which are very fun to play. The buttons are very durable and built quality is great. The battery life is apt and the device can be carried in pocket and used during free time to kill boredom.,Reviewed in India üáÆüá≥ on 15 August 2022,"5.0 out of 5 stars
Very interesting and portable",5.0 out of 5 stars,Toys & Games,Very portable and handy gaming console. It does have all those 400 games which are very fun to play. The buttons are very durable and built quality is great. The battery life is apt and the device can be carried in pocket and used during free time to kill boredom.,"['Very', 'portable', 'and', 'handy', 'gaming', 'console', 'It', 'does', 'have', 'all', 'those', 'games', 'which', 'are', 'very', 'fun', 'to', 'play', 'The', 'buttons', 'are', 'very', 'durable', 'and', 'built', 'quality', 'is', 'great', 'The', 'battery', 'life', 'is', 'apt', 'and', 'the', 'device', 'can', 'be', 'carried', 'in', 'pocket', 'and', 'used', 'during', 'free', 'time', 'to', 'kill', 'boredom']","['Very', 'portable', 'handy', 'gaming', 'console', 'It', 'games', 'fun', 'play', 'The', 'buttons', 'durable', 'built', 'quality', 'great', 'The', 'battery', 'life', 'apt', 'device', 'carried', 'pocket', 'used', 'free', 'time', 'kill', 'boredom']","['veri', 'portabl', 'handi', 'game', 'consol', 'it', 'game', 'fun', 'play', 'the', 'button', 'durabl', 'built', 'qualiti', 'great', 'the', 'batteri', 'life', 'apt', 'devic', 'carri', 'pocket', 'use', 'free', 'time', 'kill', 'boredom']",veri portabl handi game consol it game fun play the button durabl built qualiti great the batteri life apt devic carri pocket use free time kill boredom,0,1,0,0,0,0,0,0,1,0,0
57,My all family members really liked it..it's awesome to revive your lost or forgotten childhood memories,Reviewed in India üáÆüá≥ on 6 December 2022,"5.0 out of 5 stars
Childhood memories revive",5.0 out of 5 stars,Toys & Games,My all family members really liked it..it's awesome to revive your lost or forgotten childhood memories,"['My', 'all', 'family', 'members', 'really', 'liked', 'it', 'it', 'awesome', 'to', 'revive', 'your', 'lost', 'or', 'forgotten', 'childhood', 'memories']","['My', 'family', 'members', 'really', 'liked', 'awesome', 'revive', 'lost', 'forgotten', 'childhood', 'memories']","['my', 'famili', 'member', 'realli', 'like', 'awesom', 'reviv', 'lost', 'forgotten', 'childhood', 'memori']",my famili member realli like awesom reviv lost forgotten childhood memori,0,0,0,0,0,0,0,0,0,0,0
58,Dont buy thia item,Reviewed in India üáÆüá≥ on 7 April 2023,"1.0 out of 5 stars
Worst product",1.0 out of 5 stars,Toys & Games,Dont buy thia item,"['Dont', 'buy', 'thia', 'item']","['Dont', 'buy', 'thia', 'item']","['dont', 'buy', 'thia', 'item']",dont buy thia item,0,0,0,0,0,0,0,0,0,0,0
59,"This gamepad consists almost all games of 90s Tv video games, it will make you feel nostalgia.The games like super mario and contra with same sound effects, well apart from that this console build quality is good and i received yellow color randomly.go for it, your childhood will be rewind.",Reviewed in India üáÆüá≥ on 9 May 2022,"5.0 out of 5 stars
childhood rewind.",5.0 out of 5 stars,Toys & Games,"This gamepad consists almost all games of 90s Tv video games, it will make you feel nostalgia.The games like super mario and contra with same sound effects, well apart from that this console build quality is good and i received yellow color randomly.go for it, your childhood will be rewind.","['This', 'gamepad', 'consists', 'almost', 'all', 'games', 'of', 'Tv', 'video', 'games', 'it', 'will', 'make', 'you', 'feel', 'games', 'like', 'super', 'mario', 'and', 'contra', 'with', 'same', 'sound', 'effects', 'well', 'apart', 'from', 'that', 'this', 'console', 'build', 'quality', 'is', 'good', 'and', 'i', 'received', 'yellow', 'color', 'for', 'it', 'your', 'childhood', 'will', 'be', 'rewind']","['This', 'gamepad', 'consists', 'almost', 'games', 'Tv', 'video', 'games', 'make', 'feel', 'games', 'like', 'super', 'mario', 'contra', 'sound', 'effects', 'well', 'apart', 'console', 'build', 'quality', 'good', 'received', 'yellow', 'color', 'childhood', 'rewind']","['thi', 'gamepad', 'consist', 'almost', 'game', 'tv', 'video', 'game', 'make', 'feel', 'game', 'like', 'super', 'mario', 'contra', 'sound', 'effect', 'well', 'apart', 'consol', 'build', 'qualiti', 'good', 'receiv', 'yellow', 'color', 'childhood', 'rewind']",thi gamepad consist almost game tv video game make feel game like super mario contra sound effect well apart consol build qualiti good receiv yellow color childhood rewind,0,0,0,0,0,0,0,0,0,0,0
60,"Very good console.Looks good, battery life is good, it takes you back to the old times.Overall I am satisfied with the console and will recommend to go for it.",Reviewed in India üáÆüá≥ on 1 July 2022,"5.0 out of 5 stars
Good Old Memories üòä",5.0 out of 5 stars,Toys & Games,"Very good console.Looks good, battery life is good, it takes you back to the old times.Overall I am satisfied with the console and will recommend to go for it.","['Very', 'good', 'good', 'battery', 'life', 'is', 'good', 'it', 'takes', 'you', 'back', 'to', 'the', 'old', 'I', 'am', 'satisfied', 'with', 'the', 'console', 'and', 'will', 'recommend', 'to', 'go', 'for', 'it']","['Very', 'good', 'good', 'battery', 'life', 'good', 'takes', 'back', 'old', 'I', 'satisfied', 'console', 'recommend', 'go']","['veri', 'good', 'good', 'batteri', 'life', 'good', 'take', 'back', 'old', 'i', 'satisfi', 'consol', 'recommend', 'go']",veri good good batteri life good take back old i satisfi consol recommend go,0,1,0,0,1,0,0,0,0,1,0
61,Bad quality product,Reviewed in India üáÆüá≥ on 12 March 2023,"1.0 out of 5 stars
Bad quality",1.0 out of 5 stars,Toys & Games,Bad quality product,"['Bad', 'quality', 'product']","['Bad', 'quality', 'product']","['bad', 'qualiti', 'product']",bad qualiti product,0,0,0,0,0,0,0,1,0,0,0
62,One of best product I find out on Amazon.The games playing which my childhood has gone.Best product.,Reviewed in India üáÆüá≥ on 13 July 2022,"5.0 out of 5 stars
Amazing product",5.0 out of 5 stars,Toys & Games,One of best product I find out on Amazon.The games playing which my childhood has gone.Best product.,"['One', 'of', 'best', 'product', 'I', 'find', 'out', 'on', 'games', 'playing', 'which', 'my', 'childhood', 'has', 'product']","['One', 'best', 'product', 'I', 'find', 'games', 'playing', 'childhood', 'product']","['one', 'best', 'product', 'i', 'find', 'game', 'play', 'childhood', 'product']",one best product i find game play childhood product,0,0,0,0,0,0,1,0,1,1,0
63,Product not in working condition.,Reviewed in India üáÆüá≥ on 5 February 2023,"1.0 out of 5 stars
Defective Product",1.0 out of 5 stars,Toys & Games,Product not in working condition.,"['Product', 'not', 'in', 'working', 'condition']","['Product', 'working', 'condition']","['product', 'work', 'condit']",product work condit,0,0,0,0,1,1,0,0,1,0,0
64,Bad performance,Reviewed in India üáÆüá≥ on 20 January 2023,"1.0 out of 5 stars
Bad Performance",1.0 out of 5 stars,Toys & Games,Bad performance,"['Bad', 'performance']","['Bad', 'performance']","['bad', 'perform']",bad perform,0,0,0,0,0,0,0,0,0,0,0
65,Battery damaged on the 1st day of use itself. Display damaged on 2nd day. Worst product. Hopeless product.,Reviewed in India üáÆüá≥ on 28 October 2022,"1.0 out of 5 stars
Worst purchase. Never buy.",1.0 out of 5 stars,Toys & Games,Battery damaged on the 1st day of use itself. Display damaged on 2nd day. Worst product. Hopeless product.,"['Battery', 'damaged', 'on', 'the', 'day', 'of', 'use', 'itself', 'Display', 'damaged', 'on', 'day', 'Worst', 'product', 'Hopeless', 'product']","['Battery', 'damaged', 'day', 'use', 'Display', 'damaged', 'day', 'Worst', 'product', 'Hopeless', 'product']","['batteri', 'damag', 'day', 'use', 'display', 'damag', 'day', 'worst', 'product', 'hopeless', 'product']",batteri damag day use display damag day worst product hopeless product,0,0,0,0,1,1,1,0,0,1,0
66,Very very low quality product. Battery is working only half an hour and keypad of this game also not working properly. Waste of money.,Reviewed in India üáÆüá≥ on 31 July 2022,"1.0 out of 5 stars
Very bad product",1.0 out of 5 stars,Toys & Games,Very very low quality product. Battery is working only half an hour and keypad of this game also not working properly. Waste of money.,"['Very', 'very', 'low', 'quality', 'product', 'Battery', 'is', 'working', 'only', 'half', 'an', 'hour', 'and', 'keypad', 'of', 'this', 'game', 'also', 'not', 'working', 'properly', 'Waste', 'of', 'money']","['Very', 'low', 'quality', 'product', 'Battery', 'working', 'half', 'hour', 'keypad', 'game', 'also', 'working', 'properly', 'Waste', 'money']","['veri', 'low', 'qualiti', 'product', 'batteri', 'work', 'half', 'hour', 'keypad', 'game', 'also', 'work', 'properli', 'wast', 'money']",veri low qualiti product batteri work half hour keypad game also work properli wast money,0,0,0,0,0,0,0,0,0,0,0
67,Revive my childhood days,Reviewed in India üáÆüá≥ on 3 July 2022,"5.0 out of 5 stars
Awesome product",5.0 out of 5 stars,Toys & Games,Revive my childhood days,"['Revive', 'my', 'childhood', 'days']","['Revive', 'childhood', 'days']","['reviv', 'childhood', 'day']",reviv childhood day,0,0,0,0,0,0,0,0,0,0,0
68,"This video game is too costly, not worth to buy. Yes it reminds us of our old days but we can get it in less amount. Not satisfied.",Reviewed in India üáÆüá≥ on 22 May 2022,"1.0 out of 5 stars
Not worth to buy.",1.0 out of 5 stars,Toys & Games,"This video game is too costly, not worth to buy. Yes it reminds us of our old days but we can get it in less amount. Not satisfied.","['This', 'video', 'game', 'is', 'too', 'costly', 'not', 'worth', 'to', 'buy', 'Yes', 'it', 'reminds', 'us', 'of', 'our', 'old', 'days', 'but', 'we', 'can', 'get', 'it', 'in', 'less', 'amount', 'Not', 'satisfied']","['This', 'video', 'game', 'costly', 'worth', 'buy', 'Yes', 'reminds', 'us', 'old', 'days', 'get', 'less', 'amount', 'Not', 'satisfied']","['thi', 'video', 'game', 'costli', 'worth', 'buy', 'ye', 'remind', 'us', 'old', 'day', 'get', 'less', 'amount', 'not', 'satisfi']",thi video game costli worth buy ye remind us old day get less amount not satisfi,0,0,0,0,0,0,0,0,1,0,0
69,Please don‚Äôt purchase this‚Ä¶.. worst product why it‚Äôs Amazon fulfilled I don‚Äôt know.,Reviewed in India üáÆüá≥ on 16 October 2022,"1.0 out of 5 stars
Worst product.",1.0 out of 5 stars,Toys & Games,Please don‚Äôt purchase this‚Ä¶.. worst product why it‚Äôs Amazon fulfilled I don‚Äôt know.,"['Please', 'don', 't', 'purchase', 'worst', 'product', 'why', 'it', 's', 'Amazon', 'fulfilled', 'I', 'don', 't', 'know']","['Please', 'purchase', 'worst', 'product', 'Amazon', 'fulfilled', 'I', 'know']","['pleas', 'purchas', 'worst', 'product', 'amazon', 'fulfil', 'i', 'know']",pleas purchas worst product amazon fulfil i know,0,0,0,0,0,0,0,0,0,0,0
70,Was broken when received..Is very cheap plastic,Reviewed in India üáÆüá≥ on 19 November 2022,"1.0 out of 5 stars
Poor quality",1.0 out of 5 stars,Toys & Games,Was broken when received..Is very cheap plastic,"['Was', 'broken', 'when', 'received', 'Is', 'very', 'cheap', 'plastic']","['Was', 'broken', 'received', 'Is', 'cheap', 'plastic']","['wa', 'broken', 'receiv', 'is', 'cheap', 'plastic']",wa broken receiv is cheap plastic,0,0,0,0,0,0,1,0,1,0,0
71,battery is waste its not working .,Reviewed in India üáÆüá≥ on 21 October 2022,"1.0 out of 5 stars
waste product",1.0 out of 5 stars,Toys & Games,battery is waste its not working .,"['battery', 'is', 'waste', 'its', 'not', 'working']","['battery', 'waste', 'working']","['batteri', 'wast', 'work']",batteri wast work,0,1,1,0,1,1,1,0,1,0,1
72,Got this product without battery cover.now how to get that cover?,Reviewed in India üáÆüá≥ on 18 August 2022,"1.0 out of 5 stars
Forget to send the battery cover",1.0 out of 5 stars,Toys & Games,Got this product without battery cover.now how to get that cover?,"['Got', 'this', 'product', 'without', 'battery', 'how', 'to', 'get', 'that', 'cover']","['Got', 'product', 'without', 'battery', 'get', 'cover']","['got', 'product', 'without', 'batteri', 'get', 'cover']",got product without batteri get cover,0,0,0,0,0,0,0,0,0,0,0
73,The product did not work even for a day. Don‚Äôt waste your money.,Reviewed in India üáÆüá≥ on 12 July 2022,"1.0 out of 5 stars
Useless product.. wastage of money",1.0 out of 5 stars,Toys & Games,The product did not work even for a day. Don‚Äôt waste your money.,"['The', 'product', 'did', 'not', 'work', 'even', 'for', 'a', 'day', 'Don', 't', 'waste', 'your', 'money']","['The', 'product', 'work', 'even', 'day', 'Don', 'waste', 'money']","['the', 'product', 'work', 'even', 'day', 'don', 'wast', 'money']",the product work even day don wast money,0,0,0,0,0,0,0,0,0,0,0
74,"Pros:400 games. Some games are simple to play. Good distraction for small kids from smartphones. Price seems just right for what they offer (with the deal of 60% off and not msrp)Cons:More than half of games are similar with just UI change. Build quality is extremely cheap(anything from screen to button and inner board). Screen size and image quality is utter rubbish. Long hours of usage is bad for eyes of kids. Old nokia phone batteries are used(bl-4d). Take too long to charge and discharges much faster.No. But, I don't think there is anything anywhere near the budget that can be offered with these features with good build quality. Guess cheap quality chinese products are the only options out there. If better options are available, do hunt it out. I was not able to, searching for 3 straight days.",Reviewed in India üáÆüá≥ on 14 June 2023,"2.0 out of 5 stars
Cheap quality china toy",2.0 out of 5 stars,Toys & Games,"Pros:400 games. Some games are simple to play. Good distraction for small kids from smartphones. Price seems just right for what they offer (with the deal of 60% off and not msrp)Cons:More than half of games are similar with just UI change. Build quality is extremely cheap(anything from screen to button and inner board). Screen size and image quality is utter rubbish. Long hours of usage is bad for eyes of kids. Old nokia phone batteries are used(bl-4d). Take too long to charge and discharges much faster.No. But, I don't think there is anything anywhere near the budget that can be offered with these features with good build quality. Guess cheap quality chinese products are the only options out there. If better options are available, do hunt it out. I was not able to, searching for 3 straight days.","['games', 'Some', 'games', 'are', 'simple', 'to', 'play', 'Good', 'distraction', 'for', 'small', 'kids', 'from', 'smartphones', 'Price', 'seems', 'just', 'right', 'for', 'what', 'they', 'offer', 'with', 'the', 'deal', 'of', 'off', 'and', 'not', 'msrp', 'Cons', 'More', 'than', 'half', 'of', 'games', 'are', 'similar', 'with', 'just', 'UI', 'change', 'Build', 'quality', 'is', 'extremely', 'cheap', 'anything', 'from', 'screen', 'to', 'button', 'and', 'inner', 'board', 'Screen', 'size', 'and', 'image', 'quality', 'is', 'utter', 'rubbish', 'Long', 'hours', 'of', 'usage', 'is', 'bad', 'for', 'eyes', 'of', 'kids', 'Old', 'nokia', 'phone', 'batteries', 'are', 'used', 'Take', 'too', 'long', 'to', 'charge', 'and', 'discharges', 'much', 'But', 'I', 'do', 'think', 'there', 'is', 'anything', 'anywhere', 'near', 'the', 'budget', 'that', 'can', 'be', 'offered', 'with', 'these', 'features', 'with', 'good', 'build', 'quality', 'Guess', 'cheap', 'quality', 'chinese', 'products', 'are', 'the', 'only', 'options', 'out', 'there', 'If', 'better', 'options', 'are', 'available', 'do', 'hunt', 'it', 'out', 'I', 'was', 'not', 'able', 'to', 'searching', 'for', 'straight', 'days']","['games', 'Some', 'games', 'simple', 'play', 'Good', 'distraction', 'small', 'kids', 'smartphones', 'Price', 'seems', 'right', 'offer', 'deal', 'msrp', 'Cons', 'More', 'half', 'games', 'similar', 'UI', 'change', 'Build', 'quality', 'extremely', 'cheap', 'anything', 'screen', 'button', 'inner', 'board', 'Screen', 'size', 'image', 'quality', 'utter', 'rubbish', 'Long', 'hours', 'usage', 'bad', 'eyes', 'kids', 'Old', 'nokia', 'phone', 'batteries', 'used', 'Take', 'long', 'charge', 'discharges', 'much', 'But', 'I', 'think', 'anything', 'anywhere', 'near', 'budget', 'offered', 'features', 'good', 'build', 'quality', 'Guess', 'cheap', 'quality', 'chinese', 'products', 'options', 'If', 'better', 'options', 'available', 'hunt', 'I', 'able', 'searching', 'straight', 'days']","['game', 'some', 'game', 'simpl', 'play', 'good', 'distract', 'small', 'kid', 'smartphon', 'price', 'seem', 'right', 'offer', 'deal', 'msrp', 'con', 'more', 'half', 'game', 'similar', 'ui', 'chang', 'build', 'qualiti', 'extrem', 'cheap', 'anyth', 'screen', 'button', 'inner', 'board', 'screen', 'size', 'imag', 'qualiti', 'utter', 'rubbish', 'long', 'hour', 'usag', 'bad', 'eye', 'kid', 'old', 'nokia', 'phone', 'batteri', 'use', 'take', 'long', 'charg', 'discharg', 'much', 'but', 'i', 'think', 'anyth', 'anywher', 'near', 'budget', 'offer', 'featur', 'good', 'build', 'qualiti', 'guess', 'cheap', 'qualiti', 'chines', 'product', 'option', 'if', 'better', 'option', 'avail', 'hunt', 'i', 'abl', 'search', 'straight', 'day']",game some game simpl play good distract small kid smartphon price seem right offer deal msrp con more half game similar ui chang build qualiti extrem cheap anyth screen button inner board screen size imag qualiti utter rubbish long hour usag bad eye kid old nokia phone batteri use take long charg discharg much but i think anyth anywher near budget offer featur good build qualiti guess cheap qualiti chines product option if better option avail hunt i abl search straight day,0,0,0,0,0,0,0,0,0,0,0
75,Just opened the box only to find the product is damaged,Reviewed in India üáÆüá≥ on 31 July 2022,"1.0 out of 5 stars
Worse Quality",1.0 out of 5 stars,Toys & Games,Just opened the box only to find the product is damaged,"['Just', 'opened', 'the', 'box', 'only', 'to', 'find', 'the', 'product', 'is', 'damaged']","['Just', 'opened', 'box', 'find', 'product', 'damaged']","['just', 'open', 'box', 'find', 'product', 'damag']",just open box find product damag,1,1,1,1,1,1,1,0,1,1,1
76,Worst service worst product.. Don't buy,Reviewed in India üáÆüá≥ on 29 August 2022,"1.0 out of 5 stars
Worst product.. Worst service by seller. Refund not initiating till 15-15 days",1.0 out of 5 stars,Toys & Games,Worst service worst product.. Don't buy,"['Worst', 'service', 'worst', 'product', 'Do', 'buy']","['Worst', 'service', 'worst', 'product', 'Do', 'buy']","['worst', 'servic', 'worst', 'product', 'do', 'buy']",worst servic worst product do buy,0,0,0,0,0,0,0,0,0,0,0
77,It‚Äôs like a very cheap product,Reviewed in India üáÆüá≥ on 26 June 2022,"1.0 out of 5 stars
Not value of money",1.0 out of 5 stars,Toys & Games,It‚Äôs like a very cheap product,"['It', 's', 'like', 'a', 'very', 'cheap', 'product']","['It', 'like', 'cheap', 'product']","['it', 'like', 'cheap', 'product']",it like cheap product,0,0,0,0,0,0,0,1,0,0,0
78,Not working,Reviewed in India üáÆüá≥ on 29 July 2022,"1.0 out of 5 stars
Faulty product. No display coming",1.0 out of 5 stars,Toys & Games,Not working,"['Not', 'working']","['Not', 'working']","['not', 'work']",not work,1,1,1,1,1,1,1,1,1,0,1
79,Dusre hi din kharab ho gaya. And handgame remote to kharab hi aya tha.Built quality is also very poor,Reviewed in India üáÆüá≥ on 4 October 2022,"1.0 out of 5 stars
Worst product",1.0 out of 5 stars,Toys & Games,Dusre hi din kharab ho gaya. And handgame remote to kharab hi aya tha.Built quality is also very poor,"['Dusre', 'hi', 'din', 'kharab', 'ho', 'gaya', 'And', 'handgame', 'remote', 'to', 'kharab', 'hi', 'aya', 'quality', 'is', 'also', 'very', 'poor']","['Dusre', 'hi', 'din', 'kharab', 'ho', 'gaya', 'And', 'handgame', 'remote', 'kharab', 'hi', 'aya', 'quality', 'also', 'poor']","['dusr', 'hi', 'din', 'kharab', 'ho', 'gaya', 'and', 'handgam', 'remot', 'kharab', 'hi', 'aya', 'qualiti', 'also', 'poor']",dusr hi din kharab ho gaya and handgam remot kharab hi aya qualiti also poor,0,0,0,0,0,0,1,0,0,0,0
80,A good gazette and very handy.. sup game is superü§©,Reviewed in India on 1 July 2022,"5.0 out of 5 stars
Super sup game",5.0 out of 5 stars,Toys & Games,A good gazette and very handy.. sup game is superü§©,"['A', 'good', 'gazette', 'and', 'very', 'handy', 'sup', 'game', 'is']","['A', 'good', 'gazette', 'handy', 'sup', 'game']","['a', 'good', 'gazett', 'handi', 'sup', 'game']",a good gazett handi sup game,0,0,0,0,0,0,0,0,0,0,0
81,These 400 games are far better thn PUBg and all finally i got the product which i was searching from past few days. its build up quality is also good and you will get all casette games in one aside that you can also connect the same with TV as well.,Reviewed in India on 15 May 2023,"5.0 out of 5 stars
Childhood memory",5.0 out of 5 stars,Toys & Games,These 400 games are far better thn PUBg and all finally i got the product which i was searching from past few days. its build up quality is also good and you will get all casette games in one aside that you can also connect the same with TV as well.,"['These', 'games', 'are', 'far', 'better', 'thn', 'PUBg', 'and', 'all', 'finally', 'i', 'got', 'the', 'product', 'which', 'i', 'was', 'searching', 'from', 'past', 'few', 'days', 'its', 'build', 'up', 'quality', 'is', 'also', 'good', 'and', 'you', 'will', 'get', 'all', 'casette', 'games', 'in', 'one', 'aside', 'that', 'you', 'can', 'also', 'connect', 'the', 'same', 'with', 'TV', 'as', 'well']","['These', 'games', 'far', 'better', 'thn', 'PUBg', 'finally', 'got', 'product', 'searching', 'past', 'days', 'build', 'quality', 'also', 'good', 'get', 'casette', 'games', 'one', 'aside', 'also', 'connect', 'TV', 'well']","['these', 'game', 'far', 'better', 'thn', 'pubg', 'final', 'got', 'product', 'search', 'past', 'day', 'build', 'qualiti', 'also', 'good', 'get', 'casett', 'game', 'one', 'asid', 'also', 'connect', 'tv', 'well']",these game far better thn pubg final got product search past day build qualiti also good get casett game one asid also connect tv well,0,0,0,0,0,0,0,0,0,0,0
82,This is valuable product.This is best video game consoles.This is really useful for kids.Its unique design video game.,Reviewed in India on 17 January 2023,"5.0 out of 5 stars
Good",5.0 out of 5 stars,Toys & Games,This is valuable product.This is best video game consoles.This is really useful for kids.Its unique design video game.,"['This', 'is', 'valuable', 'is', 'best', 'video', 'game', 'is', 'really', 'useful', 'for', 'unique', 'design', 'video', 'game']","['This', 'valuable', 'best', 'video', 'game', 'really', 'useful', 'unique', 'design', 'video', 'game']","['thi', 'valuabl', 'best', 'video', 'game', 'realli', 'use', 'uniqu', 'design', 'video', 'game']",thi valuabl best video game realli use uniqu design video game,0,0,0,0,0,0,1,0,0,0,0
83,Content of the games is very good.Quality and bettery life is good.Very light weight.,Reviewed in India on 2 March 2023,"5.0 out of 5 stars
Nice game",5.0 out of 5 stars,Toys & Games,Content of the games is very good.Quality and bettery life is good.Very light weight.,"['Content', 'of', 'the', 'games', 'is', 'very', 'and', 'bettery', 'life', 'is', 'light', 'weight']","['Content', 'games', 'bettery', 'life', 'light', 'weight']","['content', 'game', 'betteri', 'life', 'light', 'weight']",content game betteri life light weight,0,0,0,0,0,0,0,0,0,0,0
84,"This is a Handy Game 400 in 1 and With 400 games to choose from, there's always something new and exciting to play. This device is having my favourite game Super Mario.The controls are easy to use and the graphics are surprisingly good for a handheld device. I've been playing it for hours and the battery life is impressive, I haven't had to charge it yet.Overall, I would highly recommend the Handy Game 400 in 1 to anyone looking for a fun and convenient handheld gaming device. It's affordable, easy to use, and provides hours of entertainment.",Reviewed in India on 11 May 2023,"5.0 out of 5 stars
Amazing product",5.0 out of 5 stars,Toys & Games,"This is a Handy Game 400 in 1 and With 400 games to choose from, there's always something new and exciting to play. This device is having my favourite game Super Mario.The controls are easy to use and the graphics are surprisingly good for a handheld device. I've been playing it for hours and the battery life is impressive, I haven't had to charge it yet.Overall, I would highly recommend the Handy Game 400 in 1 to anyone looking for a fun and convenient handheld gaming device. It's affordable, easy to use, and provides hours of entertainment.","['This', 'is', 'a', 'Handy', 'Game', 'in', 'and', 'With', 'games', 'to', 'choose', 'from', 'there', 'always', 'something', 'new', 'and', 'exciting', 'to', 'play', 'This', 'device', 'is', 'having', 'my', 'favourite', 'game', 'Super', 'controls', 'are', 'easy', 'to', 'use', 'and', 'the', 'graphics', 'are', 'surprisingly', 'good', 'for', 'a', 'handheld', 'device', 'I', 'been', 'playing', 'it', 'for', 'hours', 'and', 'the', 'battery', 'life', 'is', 'impressive', 'I', 'have', 'had', 'to', 'charge', 'it', 'I', 'would', 'highly', 'recommend', 'the', 'Handy', 'Game', 'in', 'to', 'anyone', 'looking', 'for', 'a', 'fun', 'and', 'convenient', 'handheld', 'gaming', 'device', 'It', 'affordable', 'easy', 'to', 'use', 'and', 'provides', 'hours', 'of', 'entertainment']","['This', 'Handy', 'Game', 'With', 'games', 'choose', 'always', 'something', 'new', 'exciting', 'play', 'This', 'device', 'favourite', 'game', 'Super', 'controls', 'easy', 'use', 'graphics', 'surprisingly', 'good', 'handheld', 'device', 'I', 'playing', 'hours', 'battery', 'life', 'impressive', 'I', 'charge', 'I', 'would', 'highly', 'recommend', 'Handy', 'Game', 'anyone', 'looking', 'fun', 'convenient', 'handheld', 'gaming', 'device', 'It', 'affordable', 'easy', 'use', 'provides', 'hours', 'entertainment']","['thi', 'handi', 'game', 'with', 'game', 'choos', 'alway', 'someth', 'new', 'excit', 'play', 'thi', 'devic', 'favourit', 'game', 'super', 'control', 'easi', 'use', 'graphic', 'surprisingli', 'good', 'handheld', 'devic', 'i', 'play', 'hour', 'batteri', 'life', 'impress', 'i', 'charg', 'i', 'would', 'highli', 'recommend', 'handi', 'game', 'anyon', 'look', 'fun', 'conveni', 'handheld', 'game', 'devic', 'it', 'afford', 'easi', 'use', 'provid', 'hour', 'entertain']",thi handi game with game choos alway someth new excit play thi devic favourit game super control easi use graphic surprisingli good handheld devic i play hour batteri life impress i charg i would highli recommend handi game anyon look fun conveni handheld game devic it afford easi use provid hour entertain,0,1,0,0,0,1,0,0,0,0,0
85,Good product. One of the good feacher is having rechargeable battery. Cluster of 400 games. Games can keep away the children from mobile.,Reviewed in India on 1 March 2023,"5.0 out of 5 stars
Value for money",5.0 out of 5 stars,Toys & Games,Good product. One of the good feacher is having rechargeable battery. Cluster of 400 games. Games can keep away the children from mobile.,"['Good', 'product', 'One', 'of', 'the', 'good', 'feacher', 'is', 'having', 'rechargeable', 'battery', 'Cluster', 'of', 'games', 'Games', 'can', 'keep', 'away', 'the', 'children', 'from', 'mobile']","['Good', 'product', 'One', 'good', 'feacher', 'rechargeable', 'battery', 'Cluster', 'games', 'Games', 'keep', 'away', 'children', 'mobile']","['good', 'product', 'one', 'good', 'feacher', 'recharg', 'batteri', 'cluster', 'game', 'game', 'keep', 'away', 'children', 'mobil']",good product one good feacher recharg batteri cluster game game keep away children mobil,1,1,1,1,1,1,1,0,1,1,1
86,Bought this just because I'd played a similar game n my childhood. My kids are now enjoying to play and it has 400 inbuilt games.,Reviewed in India on 2 March 2023,"5.0 out of 5 stars
Nice one to engage kids",5.0 out of 5 stars,Toys & Games,Bought this just because I'd played a similar game n my childhood. My kids are now enjoying to play and it has 400 inbuilt games.,"['Bought', 'this', 'just', 'because', 'I', 'played', 'a', 'similar', 'game', 'n', 'my', 'childhood', 'My', 'kids', 'are', 'now', 'enjoying', 'to', 'play', 'and', 'it', 'has', 'inbuilt', 'games']","['Bought', 'I', 'played', 'similar', 'game', 'n', 'childhood', 'My', 'kids', 'enjoying', 'play', 'inbuilt', 'games']","['bought', 'i', 'play', 'similar', 'game', 'n', 'childhood', 'my', 'kid', 'enjoy', 'play', 'inbuilt', 'game']",bought i play similar game n childhood my kid enjoy play inbuilt game,0,0,0,0,0,0,0,0,0,0,0
87,Very good product. battrey life is long. suggest to buy product. value for money. best product to buy.,Reviewed in India on 23 August 2022,"5.0 out of 5 stars
Very good product",5.0 out of 5 stars,Toys & Games,Very good product. battrey life is long. suggest to buy product. value for money. best product to buy.,"['Very', 'good', 'product', 'battrey', 'life', 'is', 'long', 'suggest', 'to', 'buy', 'product', 'value', 'for', 'money', 'best', 'product', 'to', 'buy']","['Very', 'good', 'product', 'battrey', 'life', 'long', 'suggest', 'buy', 'product', 'value', 'money', 'best', 'product', 'buy']","['veri', 'good', 'product', 'battrey', 'life', 'long', 'suggest', 'buy', 'product', 'valu', 'money', 'best', 'product', 'buy']",veri good product battrey life long suggest buy product valu money best product buy,0,0,0,0,0,0,0,0,0,0,0
88,"Handy and classy.Quality is okay, buttons gives an haptic sound and it helps to keep away the children from mobile. They loved it and keep exploring the new games and all the time.",Reviewed in India on 20 February 2023,"5.0 out of 5 stars
compact design",5.0 out of 5 stars,Toys & Games,"Handy and classy.Quality is okay, buttons gives an haptic sound and it helps to keep away the children from mobile. They loved it and keep exploring the new games and all the time.","['Handy', 'and', 'is', 'okay', 'buttons', 'gives', 'an', 'haptic', 'sound', 'and', 'it', 'helps', 'to', 'keep', 'away', 'the', 'children', 'from', 'mobile', 'They', 'loved', 'it', 'and', 'keep', 'exploring', 'the', 'new', 'games', 'and', 'all', 'the', 'time']","['Handy', 'okay', 'buttons', 'gives', 'haptic', 'sound', 'helps', 'keep', 'away', 'children', 'mobile', 'They', 'loved', 'keep', 'exploring', 'new', 'games', 'time']","['handi', 'okay', 'button', 'give', 'haptic', 'sound', 'help', 'keep', 'away', 'children', 'mobil', 'they', 'love', 'keep', 'explor', 'new', 'game', 'time']",handi okay button give haptic sound help keep away children mobil they love keep explor new game time,0,1,0,0,0,1,1,0,1,1,0
89,Bought it for my 5 yr old daughter. Design is cute and handy. She loved it and busy exploring all the games in it. Only concern is the buttons which sometimes are getting stuck. Apart from that overall good.,Reviewed in India on 27 February 2023,"5.0 out of 5 stars
Handy and Engaging",5.0 out of 5 stars,Toys & Games,Bought it for my 5 yr old daughter. Design is cute and handy. She loved it and busy exploring all the games in it. Only concern is the buttons which sometimes are getting stuck. Apart from that overall good.,"['Bought', 'it', 'for', 'my', 'yr', 'old', 'daughter', 'Design', 'is', 'cute', 'and', 'handy', 'She', 'loved', 'it', 'and', 'busy', 'exploring', 'all', 'the', 'games', 'in', 'it', 'Only', 'concern', 'is', 'the', 'buttons', 'which', 'sometimes', 'are', 'getting', 'stuck', 'Apart', 'from', 'that', 'overall', 'good']","['Bought', 'yr', 'old', 'daughter', 'Design', 'cute', 'handy', 'She', 'loved', 'busy', 'exploring', 'games', 'Only', 'concern', 'buttons', 'sometimes', 'getting', 'stuck', 'Apart', 'overall', 'good']","['bought', 'yr', 'old', 'daughter', 'design', 'cute', 'handi', 'she', 'love', 'busi', 'explor', 'game', 'onli', 'concern', 'button', 'sometim', 'get', 'stuck', 'apart', 'overal', 'good']",bought yr old daughter design cute handi she love busi explor game onli concern button sometim get stuck apart overal good,0,1,0,0,0,1,0,0,0,0,0
90,This is good video game . My son likes it to much and now he does play game in my mobile.I am very happy to see it and now I can use my mobile. It has a lots of types of games .,Reviewed in India üáÆüá≥ on 12 May 2023,"5.0 out of 5 stars
Good",5.0 out of 5 stars,Toys & Games,This is good video game . My son likes it to much and now he does play game in my mobile.I am very happy to see it and now I can use my mobile. It has a lots of types of games .,"['This', 'is', 'good', 'video', 'game', 'My', 'son', 'likes', 'it', 'to', 'much', 'and', 'now', 'he', 'does', 'play', 'game', 'in', 'my', 'am', 'very', 'happy', 'to', 'see', 'it', 'and', 'now', 'I', 'can', 'use', 'my', 'mobile', 'It', 'has', 'a', 'lots', 'of', 'types', 'of', 'games']","['This', 'good', 'video', 'game', 'My', 'son', 'likes', 'much', 'play', 'game', 'happy', 'see', 'I', 'use', 'mobile', 'It', 'lots', 'types', 'games']","['thi', 'good', 'video', 'game', 'my', 'son', 'like', 'much', 'play', 'game', 'happi', 'see', 'i', 'use', 'mobil', 'it', 'lot', 'type', 'game']",thi good video game my son like much play game happi see i use mobil it lot type game,0,0,0,0,0,0,0,0,0,0,0
91,Very good quality video game. I have gifted this game to my kid on his birthday my kid is very happy.,Reviewed in India üáÆüá≥ on 11 May 2023,"5.0 out of 5 stars
Happy kids",5.0 out of 5 stars,Toys & Games,Very good quality video game. I have gifted this game to my kid on his birthday my kid is very happy.,"['Very', 'good', 'quality', 'video', 'game', 'I', 'have', 'gifted', 'this', 'game', 'to', 'my', 'kid', 'on', 'his', 'birthday', 'my', 'kid', 'is', 'very', 'happy']","['Very', 'good', 'quality', 'video', 'game', 'I', 'gifted', 'game', 'kid', 'birthday', 'kid', 'happy']","['veri', 'good', 'qualiti', 'video', 'game', 'i', 'gift', 'game', 'kid', 'birthday', 'kid', 'happi']",veri good qualiti video game i gift game kid birthday kid happi,0,0,0,0,0,0,1,0,0,0,0
92,really worth buying i remember my old days and this gadget is get back old days.Thanks for this deal.SO HAPPYY,Reviewed in India üáÆüá≥ on 4 December 2022,"5.0 out of 5 stars
old days is back",5.0 out of 5 stars,Toys & Games,really worth buying i remember my old days and this gadget is get back old days.Thanks for this deal.SO HAPPYY,"['really', 'worth', 'buying', 'i', 'remember', 'my', 'old', 'days', 'and', 'this', 'gadget', 'is', 'get', 'back', 'old', 'for', 'this', 'HAPPYY']","['really', 'worth', 'buying', 'remember', 'old', 'days', 'gadget', 'get', 'back', 'old', 'HAPPYY']","['realli', 'worth', 'buy', 'rememb', 'old', 'day', 'gadget', 'get', 'back', 'old', 'happyy']",realli worth buy rememb old day gadget get back old happyy,0,0,0,0,0,0,0,0,0,0,0
93,Best thing od thi game is that it has changable battery so no need to purchase again nd again. It reminds me my childhood. I was more happy to see this for my child.,Reviewed in India üáÆüá≥ on 27 February 2023,"5.0 out of 5 stars
Remind of my Childhood",5.0 out of 5 stars,Toys & Games,Best thing od thi game is that it has changable battery so no need to purchase again nd again. It reminds me my childhood. I was more happy to see this for my child.,"['Best', 'thing', 'od', 'thi', 'game', 'is', 'that', 'it', 'has', 'changable', 'battery', 'so', 'no', 'need', 'to', 'purchase', 'again', 'nd', 'again', 'It', 'reminds', 'me', 'my', 'childhood', 'I', 'was', 'more', 'happy', 'to', 'see', 'this', 'for', 'my', 'child']","['Best', 'thing', 'od', 'thi', 'game', 'changable', 'battery', 'need', 'purchase', 'nd', 'It', 'reminds', 'childhood', 'I', 'happy', 'see', 'child']","['best', 'thing', 'od', 'thi', 'game', 'changabl', 'batteri', 'need', 'purchas', 'nd', 'it', 'remind', 'childhood', 'i', 'happi', 'see', 'child']",best thing od thi game changabl batteri need purchas nd it remind childhood i happi see child,0,0,0,0,0,0,0,0,0,0,0
94,"This is best product for kids. It comes with battery, chargery, gamin handset and video audio connector to TV. I bought for my son so that mobile time would reduce, and definitely it helped. Also to mention it has 200 games, battery life is also good, worth every penny",Reviewed in India üáÆüá≥ on 19 March 2023,"5.0 out of 5 stars
Best Product, cost effective and good for kids",5.0 out of 5 stars,Toys & Games,"This is best product for kids. It comes with battery, chargery, gamin handset and video audio connector to TV. I bought for my son so that mobile time would reduce, and definitely it helped. Also to mention it has 200 games, battery life is also good, worth every penny","['This', 'is', 'best', 'product', 'for', 'kids', 'It', 'comes', 'with', 'battery', 'chargery', 'gamin', 'handset', 'and', 'video', 'audio', 'connector', 'to', 'TV', 'I', 'bought', 'for', 'my', 'son', 'so', 'that', 'mobile', 'time', 'would', 'reduce', 'and', 'definitely', 'it', 'helped', 'Also', 'to', 'mention', 'it', 'has', 'games', 'battery', 'life', 'is', 'also', 'good', 'worth', 'every', 'penny']","['This', 'best', 'product', 'kids', 'It', 'comes', 'battery', 'chargery', 'gamin', 'handset', 'video', 'audio', 'connector', 'TV', 'I', 'bought', 'son', 'mobile', 'time', 'would', 'reduce', 'definitely', 'helped', 'Also', 'mention', 'games', 'battery', 'life', 'also', 'good', 'worth', 'every', 'penny']","['thi', 'best', 'product', 'kid', 'it', 'come', 'batteri', 'chargeri', 'gamin', 'handset', 'video', 'audio', 'connector', 'tv', 'i', 'bought', 'son', 'mobil', 'time', 'would', 'reduc', 'definit', 'help', 'also', 'mention', 'game', 'batteri', 'life', 'also', 'good', 'worth', 'everi', 'penni']",thi best product kid it come batteri chargeri gamin handset video audio connector tv i bought son mobil time would reduc definit help also mention game batteri life also good worth everi penni,0,0,0,0,0,0,0,0,1,0,0
95,"I just love the product, easy to use and portable. It brings back my childhood memories of playing video games. The built quality is good and it has lot of traditional games, i enjoy a lot.",Reviewed in India üáÆüá≥ on 20 May 2023,"5.0 out of 5 stars
I am loving it",5.0 out of 5 stars,Toys & Games,"I just love the product, easy to use and portable. It brings back my childhood memories of playing video games. The built quality is good and it has lot of traditional games, i enjoy a lot.","['I', 'just', 'love', 'the', 'product', 'easy', 'to', 'use', 'and', 'portable', 'It', 'brings', 'back', 'my', 'childhood', 'memories', 'of', 'playing', 'video', 'games', 'The', 'built', 'quality', 'is', 'good', 'and', 'it', 'has', 'lot', 'of', 'traditional', 'games', 'i', 'enjoy', 'a', 'lot']","['I', 'love', 'product', 'easy', 'use', 'portable', 'It', 'brings', 'back', 'childhood', 'memories', 'playing', 'video', 'games', 'The', 'built', 'quality', 'good', 'lot', 'traditional', 'games', 'enjoy', 'lot']","['i', 'love', 'product', 'easi', 'use', 'portabl', 'it', 'bring', 'back', 'childhood', 'memori', 'play', 'video', 'game', 'the', 'built', 'qualiti', 'good', 'lot', 'tradit', 'game', 'enjoy', 'lot']",i love product easi use portabl it bring back childhood memori play video game the built qualiti good lot tradit game enjoy lot,1,1,1,1,1,1,0,0,1,0,1
96,I bought this for my child.she is 5 year old.she always used mobile evey time but now she use this.she is very happy.it has lots of game.its great time pass also good for mind,Reviewed in India üáÆüá≥ on 20 May 2023,"5.0 out of 5 stars
Superb game",5.0 out of 5 stars,Toys & Games,I bought this for my child.she is 5 year old.she always used mobile evey time but now she use this.she is very happy.it has lots of game.its great time pass also good for mind,"['I', 'bought', 'this', 'for', 'my', 'is', 'year', 'always', 'used', 'mobile', 'evey', 'time', 'but', 'now', 'she', 'use', 'is', 'very', 'has', 'lots', 'of', 'great', 'time', 'pass', 'also', 'good', 'for', 'mind']","['I', 'bought', 'year', 'always', 'used', 'mobile', 'evey', 'time', 'use', 'lots', 'great', 'time', 'pass', 'also', 'good', 'mind']","['i', 'bought', 'year', 'alway', 'use', 'mobil', 'evey', 'time', 'use', 'lot', 'great', 'time', 'pass', 'also', 'good', 'mind']",i bought year alway use mobil evey time use lot great time pass also good mind,1,1,1,1,1,1,0,0,1,1,1
97,Nice !!olden memories ..i bought it for my kids and they really loved it .so many games loved it.now they are fond of this than mobile phone,Reviewed in India üáÆüá≥ on 8 February 2023,"5.0 out of 5 stars
Cool and amazing",5.0 out of 5 stars,Toys & Games,Nice !!olden memories ..i bought it for my kids and they really loved it .so many games loved it.now they are fond of this than mobile phone,"['Nice', 'olden', 'memories', 'i', 'bought', 'it', 'for', 'my', 'kids', 'and', 'they', 'really', 'loved', 'it', 'many', 'games', 'loved', 'they', 'are', 'fond', 'of', 'this', 'than', 'mobile', 'phone']","['Nice', 'olden', 'memories', 'bought', 'kids', 'really', 'loved', 'many', 'games', 'loved', 'fond', 'mobile', 'phone']","['nice', 'olden', 'memori', 'bought', 'kid', 'realli', 'love', 'mani', 'game', 'love', 'fond', 'mobil', 'phone']",nice olden memori bought kid realli love mani game love fond mobil phone,0,0,1,0,0,0,0,0,1,0,0
98,The game is compact and nice easy to carry  very easy to use and best for all age. Groups even good for elder to play with good quality value for money.,Reviewed in India üáÆüá≥ on 23 April 2023,"5.0 out of 5 stars
Good quality product.",5.0 out of 5 stars,Toys & Games,The game is compact and nice easy to carry  very easy to use and best for all age. Groups even good for elder to play with good quality value for money.,"['The', 'game', 'is', 'compact', 'and', 'nice', 'easy', 'to', 'carry', 'very', 'easy', 'to', 'use', 'and', 'best', 'for', 'all', 'age', 'Groups', 'even', 'good', 'for', 'elder', 'to', 'play', 'with', 'good', 'quality', 'value', 'for', 'money']","['The', 'game', 'compact', 'nice', 'easy', 'carry', 'easy', 'use', 'best', 'age', 'Groups', 'even', 'good', 'elder', 'play', 'good', 'quality', 'value', 'money']","['the', 'game', 'compact', 'nice', 'easi', 'carri', 'easi', 'use', 'best', 'age', 'group', 'even', 'good', 'elder', 'play', 'good', 'qualiti', 'valu', 'money']",the game compact nice easi carri easi use best age group even good elder play good qualiti valu money,0,0,0,0,0,0,0,0,0,0,0
